settlement_period,asset,da_mw,id_mw,bm_mw,net_mw,soc_pct,energy_mwh,revenue,cost,net_pnl,soc_breach
1,Battery_1,-6.0,-3.0,-3.0,-12.0,16.7,3.33,450.52,0.0,450.52,False
2,Battery_1,-6.0,-3.0,-3.0,-12.0,-16.7,-3.33,428.38,0.0,428.38,True
3,Battery_1,-2.4,-3.0,-3.0,-8.4,-40.0,-8.0,73.85,0.0,73.85,True
4,Battery_1,0.0,-3.0,-3.0,-6.0,-56.7,-11.33,43.72,0.0,43.72,True
5,Battery_1,0.0,-0.33,-2.4,-2.73,-64.2,-12.85,1.48,0.0,1.48,True
6,Battery_1,0.0,3.0,3.0,6.0,-50.7,-10.15,0.0,-3.58,3.58,True
7,Battery_1,6.0,3.0,3.0,12.0,-23.7,-4.75,0.0,-10.88,10.88,True
8,Battery_1,6.0,3.0,0.7,9.7,-1.9,-0.38,0.0,-19.65,19.65,True
9,Battery_1,6.0,3.0,3.0,12.0,25.1,5.02,0.0,-45.3,45.3,False
10,Battery_1,6.0,3.0,3.0,12.0,52.1,10.42,0.0,-73.35,73.35,False
11,Battery_1,6.0,3.0,3.0,12.0,79.1,15.82,0.0,-48.7,48.7,False
12,Battery_1,6.0,3.0,3.0,12.0,106.1,21.22,0.0,-47.25,47.25,True
13,Battery_1,6.0,3.0,3.0,12.0,133.1,26.62,0.0,-73.84,73.84,True
14,Battery_1,6.0,3.0,3.0,12.0,160.1,32.02,0.0,-56.4,56.4,True
15,Battery_1,6.0,3.0,3.0,12.0,187.1,37.42,0.0,-37.56,37.56,True
16,Battery_1,0.0,3.0,3.0,6.0,200.6,40.12,0.0,-19.46,19.46,True
17,Battery_1,0.0,0.0,3.0,3.0,207.3,41.46,0.0,-21.15,21.15,True
18,Battery_1,-6.0,-2.43,3.0,-5.43,192.2,38.45,37.26,-19.5,56.76,True
19,Battery_1,6.0,0.0,3.0,9.0,212.5,42.5,0.0,-17.76,17.76,True
20,Battery_1,1.41,3.0,3.0,7.41,229.2,45.83,0.0,-6.45,6.45,True
21,Battery_1,0.0,0.0,3.0,3.0,235.9,47.18,0.0,-14.5,14.5,True
22,Battery_1,0.0,0.0,-3.0,-3.0,227.6,45.52,125.76,0.0,125.76,True
23,Battery_1,0.0,0.0,3.0,3.0,234.3,46.87,0.0,55.82,-55.82,True
24,Battery_1,0.0,0.0,0.7,0.7,235.9,47.18,0.0,16.05,-16.05,True
25,Battery_1,0.0,0.0,-3.0,-3.0,227.6,45.51,165.92,0.0,165.92,True
26,Battery_1,0.0,0.0,0.0,0.0,227.6,45.51,0.0,0.0,0.0,True
27,Battery_1,0.0,0.0,0.0,0.0,227.6,45.51,0.0,0.0,0.0,True
28,Battery_1,0.0,0.0,-1.29,-1.29,224.0,44.8,42.11,0.0,42.11,True
29,Battery_1,0.0,0.0,-3.0,-3.0,215.7,43.13,101.91,0.0,101.91,True
30,Battery_1,0.0,0.0,0.0,0.0,215.7,43.13,0.0,0.0,0.0,True
31,Battery_1,0.0,-2.43,3.0,0.57,216.9,43.39,100.74,75.0,25.74,True
32,Battery_1,0.0,0.0,3.0,3.0,223.7,44.74,0.0,33.44,-33.44,True
33,Battery_1,0.0,3.0,3.0,6.0,237.2,47.44,0.0,128.77,-128.77,True
34,Battery_1,0.0,0.0,0.0,0.0,237.2,47.44,0.0,0.0,0.0,True
35,Battery_1,0.0,0.0,-3.0,-3.0,228.9,45.77,194.4,0.0,194.4,True
36,Battery_1,0.0,-3.0,-3.0,-6.0,212.2,42.44,342.38,0.0,342.38,True
37,Battery_1,0.0,-3.0,-3.0,-6.0,195.5,39.1,332.85,0.0,332.85,True
38,Battery_1,0.0,-3.0,-3.0,-6.0,178.9,35.77,318.48,0.0,318.48,True
39,Battery_1,0.0,0.0,0.0,0.0,178.9,35.77,0.0,0.0,0.0,True
40,Battery_1,-6.0,-3.0,-3.0,-12.0,145.5,29.1,715.11,0.0,715.11,True
41,Battery_1,-6.0,-3.0,-3.0,-12.0,112.2,22.44,675.77,0.0,675.77,True
42,Battery_1,-6.0,-3.0,-3.0,-12.0,78.9,15.77,744.02,0.0,744.02,False
43,Battery_1,-6.0,-3.0,-1.8,-10.8,48.9,9.77,576.78,0.0,576.78,False
44,Battery_1,-4.8,-3.0,-3.0,-10.8,18.9,3.77,652.46,0.0,652.46,False
45,Battery_1,0.0,-3.0,-3.0,-6.0,2.2,0.44,323.61,0.0,323.61,True
46,Battery_1,0.0,-1.8,0.0,-1.8,-2.8,-0.56,92.72,0.0,92.72,True
47,Battery_1,0.0,0.0,0.0,0.0,-2.8,-0.56,0.0,0.0,0.0,True
48,Battery_1,0.0,0.0,0.0,0.0,-2.8,-0.56,0.0,0.0,0.0,True
1,Battery_2,-12.5,-5.0,-7.5,-25.0,36.1,36.11,900.01,0.0,900.01,False
2,Battery_2,-12.5,-5.0,-7.5,-25.0,22.2,22.22,859.56,0.0,859.56,False
3,Battery_2,-12.5,-4.9,-7.5,-24.9,8.4,8.39,219.88,0.0,219.88,True
4,Battery_2,-12.5,0.0,-7.5,-20.0,-2.7,-2.72,134.54,0.0,134.54,True
5,Battery_2,-12.5,5.0,5.93,-1.57,-3.6,-3.59,71.75,7.26,64.48,True
6,Battery_2,12.5,5.0,7.5,25.0,7.7,7.66,0.0,28.07,-28.07,True
7,Battery_2,12.5,5.0,7.5,25.0,18.9,18.91,0.0,-23.16,23.16,False
8,Battery_2,12.5,5.0,7.5,25.0,30.2,30.16,0.0,-42.64,42.64,False
9,Battery_2,12.5,5.0,7.5,25.0,41.4,41.41,0.0,-99.8,99.8,False
10,Battery_2,12.5,5.0,7.5,25.0,52.7,52.66,0.0,-157.51,157.51,False
11,Battery_2,12.5,5.0,7.5,25.0,63.9,63.91,0.0,-108.29,108.29,False
12,Battery_2,12.5,5.0,7.5,25.0,75.2,75.16,0.0,-99.71,99.71,False
13,Battery_2,12.5,5.0,7.5,25.0,86.4,86.41,0.0,-155.48,155.48,False
14,Battery_2,12.5,5.0,7.5,25.0,97.7,97.66,0.0,-121.7,121.7,True
15,Battery_2,12.5,5.0,7.5,25.0,108.9,108.91,0.0,-80.47,80.47,True
16,Battery_2,12.5,5.0,7.5,25.0,120.2,120.16,0.0,-33.01,33.01,True
17,Battery_2,12.5,5.0,7.5,25.0,131.4,131.41,0.0,-27.36,27.36,True
18,Battery_2,-7.25,5.0,7.5,5.25,133.8,133.77,37.05,-35.17,72.22,True
19,Battery_2,12.5,5.0,7.5,25.0,145.0,145.02,0.0,-33.01,33.01,True
20,Battery_2,12.5,5.0,7.5,25.0,156.3,156.27,0.0,-1.27,1.27,True
21,Battery_2,0.0,5.0,7.5,12.5,161.9,161.89,0.0,-15.36,15.36,True
22,Battery_2,0.0,5.0,-7.5,-2.5,160.5,160.5,314.4,29.25,285.15,True
23,Battery_2,0.0,-5.0,7.5,2.5,161.6,161.63,108.3,139.54,-31.24,True
24,Battery_2,0.0,-5.0,0.0,-5.0,158.9,158.85,112.75,0.0,112.75,True
25,Battery_2,0.0,-5.0,-7.5,-12.5,151.9,151.91,548.21,0.0,548.21,True
26,Battery_2,0.0,-5.0,-7.5,-12.5,145.0,144.96,399.98,0.0,399.98,True
27,Battery_2,0.0,-5.0,-7.5,-12.5,138.0,138.02,414.34,0.0,414.34,True
28,Battery_2,0.0,-5.0,-7.5,-12.5,131.1,131.07,412.58,0.0,412.58,True
29,Battery_2,0.0,-5.0,-7.5,-12.5,124.1,124.13,429.78,0.0,429.78,True
30,Battery_2,0.0,-5.0,-4.72,-9.72,118.7,118.73,302.5,0.0,302.5,True
31,Battery_2,0.0,-5.0,0.0,-5.0,116.0,115.95,207.27,0.0,207.27,True
32,Battery_2,0.0,-5.0,7.5,2.5,117.1,117.08,174.42,83.59,90.84,True
33,Battery_2,0.0,-5.0,7.5,2.5,118.2,118.2,164.62,75.0,89.62,True
34,Battery_2,0.0,-5.0,-7.5,-12.5,111.3,111.26,448.64,0.0,448.64,True
35,Battery_2,0.0,-5.0,-7.5,-12.5,104.3,104.31,726.02,0.0,726.02,True
36,Battery_2,-12.5,-5.0,-7.5,-25.0,90.4,90.42,1364.04,0.0,1364.04,True
37,Battery_2,-12.5,-5.0,-7.5,-25.0,76.5,76.53,1362.14,0.0,1362.14,False
38,Battery_2,-12.5,-5.0,-7.5,-25.0,62.6,62.65,1342.75,0.0,1342.75,False
39,Battery_2,-12.5,-5.0,-7.5,-25.0,48.8,48.76,1231.19,0.0,1231.19,False
40,Battery_2,-12.5,-5.0,-7.5,-25.0,34.9,34.87,1496.84,0.0,1496.84,False
41,Battery_2,-12.5,-5.0,-7.5,-25.0,21.0,20.98,1405.94,0.0,1405.94,False
42,Battery_2,-12.5,-5.0,-7.5,-25.0,7.1,7.09,1570.56,0.0,1570.56,True
43,Battery_2,-12.5,-5.0,-7.5,-25.0,-6.8,-6.8,1307.35,0.0,1307.35,True
44,Battery_2,-12.5,-5.0,-7.5,-25.0,-20.7,-20.69,1520.55,0.0,1520.55,True
45,Battery_2,-12.5,-5.0,-7.5,-25.0,-34.6,-34.58,1346.2,0.0,1346.2,True
46,Battery_2,-12.5,-5.0,-7.5,-25.0,-48.5,-48.47,1206.69,0.0,1206.69,True
47,Battery_2,-6.5,-5.0,-7.5,-19.0,-59.0,-59.02,870.69,0.0,870.69,True
48,Battery_2,0.0,-5.0,-7.5,-12.5,-66.0,-65.97,552.01,0.0,552.01,True
1,Battery_3,-25.0,-10.0,-15.0,-50.0,36.1,72.22,1800.02,0.0,1800.02,False
2,Battery_3,-25.0,-10.0,-15.0,-50.0,22.2,44.44,1719.12,0.0,1719.12,False
3,Battery_3,-25.0,-9.8,-15.0,-49.8,8.4,16.78,439.77,0.0,439.77,True
4,Battery_3,-25.0,0.0,-15.0,-40.0,-2.7,-5.44,269.08,0.0,269.08,True
5,Battery_3,-25.0,10.0,11.85,-3.15,-3.6,-7.19,143.5,14.52,128.98,True
6,Battery_3,25.0,10.0,15.0,50.0,7.7,15.31,0.0,56.15,-56.15,True
7,Battery_3,25.0,10.0,15.0,50.0,18.9,37.81,0.0,-46.32,46.32,False
8,Battery_3,25.0,10.0,15.0,50.0,30.2,60.31,0.0,-85.28,85.28,False
9,Battery_3,25.0,10.0,15.0,50.0,41.4,82.81,0.0,-199.6,199.6,False
10,Battery_3,25.0,10.0,15.0,50.0,52.7,105.31,0.0,-315.03,315.03,False
11,Battery_3,25.0,10.0,15.0,50.0,63.9,127.81,0.0,-216.58,216.58,False
12,Battery_3,25.0,10.0,15.0,50.0,75.2,150.31,0.0,-199.42,199.42,False
13,Battery_3,25.0,10.0,15.0,50.0,86.4,172.81,0.0,-310.95,310.95,False
14,Battery_3,25.0,10.0,15.0,50.0,97.7,195.31,0.0,-243.4,243.4,True
15,Battery_3,25.0,10.0,15.0,50.0,108.9,217.81,0.0,-160.95,160.95,True
16,Battery_3,25.0,10.0,15.0,50.0,120.2,240.31,0.0,-66.03,66.03,True
17,Battery_3,25.0,10.0,15.0,50.0,131.4,262.81,0.0,-54.72,54.72,True
18,Battery_3,-14.5,10.0,15.0,10.5,133.8,267.53,74.1,-70.35,144.44,True
19,Battery_3,25.0,10.0,15.0,50.0,145.0,290.03,0.0,-66.03,66.03,True
20,Battery_3,25.0,10.0,15.0,50.0,156.3,312.53,0.0,-2.55,2.55,True
21,Battery_3,0.0,10.0,15.0,25.0,161.9,323.78,0.0,-30.73,30.73,True
22,Battery_3,0.0,10.0,-15.0,-5.0,160.5,321.0,628.8,58.5,570.3,True
23,Battery_3,0.0,-10.0,15.0,5.0,161.6,323.25,216.6,279.08,-62.47,True
24,Battery_3,0.0,-10.0,0.0,-10.0,158.8,317.7,225.5,0.0,225.5,True
25,Battery_3,0.0,-10.0,-15.0,-25.0,151.9,303.81,1096.42,0.0,1096.42,True
26,Battery_3,0.0,-10.0,-15.0,-25.0,145.0,289.92,799.95,0.0,799.95,True
27,Battery_3,0.0,-10.0,-15.0,-25.0,138.0,276.03,828.68,0.0,828.68,True
28,Battery_3,0.0,-10.0,-15.0,-25.0,131.1,262.14,825.15,0.0,825.15,True
29,Battery_3,0.0,-10.0,-15.0,-25.0,124.1,248.25,859.55,0.0,859.55,True
30,Battery_3,0.0,-10.0,-9.45,-19.45,118.7,237.45,605.28,0.0,605.28,True
31,Battery_3,0.0,-10.0,0.0,-10.0,115.9,231.89,414.55,0.0,414.55,True
32,Battery_3,0.0,-10.0,15.0,5.0,117.1,234.14,348.85,167.18,181.68,True
33,Battery_3,0.0,-10.0,15.0,5.0,118.2,236.39,329.25,150.0,179.25,True
34,Battery_3,0.0,-10.0,-15.0,-25.0,111.3,222.5,897.28,0.0,897.28,True
35,Battery_3,0.0,-10.0,-15.0,-25.0,104.3,208.61,1452.05,0.0,1452.05,True
36,Battery_3,-25.0,-10.0,-15.0,-50.0,90.4,180.84,2728.08,0.0,2728.08,True
37,Battery_3,-25.0,-10.0,-15.0,-50.0,76.5,153.06,2724.28,0.0,2724.28,False
38,Battery_3,-25.0,-10.0,-15.0,-50.0,62.6,125.28,2685.5,0.0,2685.5,False
39,Battery_3,-25.0,-10.0,-15.0,-50.0,48.8,97.5,2462.38,0.0,2462.38,False
40,Battery_3,-25.0,-10.0,-15.0,-50.0,34.9,69.72,2993.68,0.0,2993.68,False
41,Battery_3,-25.0,-10.0,-15.0,-50.0,21.0,41.95,2811.88,0.0,2811.88,False
42,Battery_3,-25.0,-10.0,-15.0,-50.0,7.1,14.17,3141.12,0.0,3141.12,True
43,Battery_3,-25.0,-10.0,-15.0,-50.0,-6.8,-13.61,2614.7,0.0,2614.7,True
44,Battery_3,-25.0,-10.0,-15.0,-50.0,-20.7,-41.39,3041.1,0.0,3041.1,True
45,Battery_3,-25.0,-10.0,-15.0,-50.0,-34.6,-69.16,2692.4,0.0,2692.4,True
46,Battery_3,-25.0,-10.0,-15.0,-50.0,-48.5,-96.94,2413.38,0.0,2413.38,True
47,Battery_3,-13.0,-10.0,-15.0,-38.0,-59.0,-118.05,1741.38,0.0,1741.38,True
48,Battery_3,0.0,-10.0,-15.0,-25.0,-66.0,-131.94,1104.03,0.0,1104.03,True
1,Battery_4,-10.0,-4.0,-6.0,-20.0,36.1,28.89,720.01,0.0,720.01,False
2,Battery_4,-10.0,-4.0,-6.0,-20.0,22.2,17.78,687.65,0.0,687.65,False
3,Battery_4,-10.0,-3.92,-6.0,-19.92,8.4,6.71,175.91,0.0,175.91,True
4,Battery_4,-10.0,0.0,-6.0,-16.0,-2.7,-2.18,107.63,0.0,107.63,True
5,Battery_4,-10.0,4.0,4.74,-1.26,-3.6,-2.88,57.4,5.81,51.59,True
6,Battery_4,10.0,4.0,6.0,20.0,7.7,6.12,0.0,22.46,-22.46,True
7,Battery_4,10.0,4.0,6.0,20.0,18.9,15.12,0.0,-18.53,18.53,False
8,Battery_4,10.0,4.0,6.0,20.0,30.2,24.12,0.0,-34.11,34.11,False
9,Battery_4,10.0,4.0,6.0,20.0,41.4,33.12,0.0,-79.84,79.84,False
10,Battery_4,10.0,4.0,6.0,20.0,52.7,42.12,0.0,-126.01,126.01,False
11,Battery_4,10.0,4.0,6.0,20.0,63.9,51.12,0.0,-86.63,86.63,False
12,Battery_4,10.0,4.0,6.0,20.0,75.2,60.12,0.0,-79.77,79.77,False
13,Battery_4,10.0,4.0,6.0,20.0,86.4,69.12,0.0,-124.38,124.38,False
14,Battery_4,10.0,4.0,6.0,20.0,97.7,78.12,0.0,-97.36,97.36,True
15,Battery_4,10.0,4.0,6.0,20.0,108.9,87.12,0.0,-64.38,64.38,True
16,Battery_4,10.0,4.0,6.0,20.0,120.2,96.12,0.0,-26.41,26.41,True
17,Battery_4,10.0,4.0,6.0,20.0,131.4,105.12,0.0,-21.89,21.89,True
18,Battery_4,-5.8,4.0,6.0,4.2,133.8,107.01,29.64,-28.14,57.78,True
19,Battery_4,10.0,4.0,6.0,20.0,145.0,116.01,0.0,-26.41,26.41,True
20,Battery_4,10.0,4.0,6.0,20.0,156.3,125.01,0.0,-1.02,1.02,True
21,Battery_4,0.0,4.0,6.0,10.0,161.9,129.51,0.0,-12.29,12.29,True
22,Battery_4,0.0,4.0,-6.0,-2.0,160.5,128.4,251.52,23.4,228.12,True
23,Battery_4,0.0,-4.0,6.0,2.0,161.6,129.3,86.64,111.63,-24.99,True
24,Battery_4,0.0,-4.0,0.0,-4.0,158.8,127.08,90.2,0.0,90.2,True
25,Battery_4,0.0,-4.0,-6.0,-10.0,151.9,121.52,438.57,0.0,438.57,True
26,Battery_4,0.0,-4.0,-6.0,-10.0,145.0,115.97,319.98,0.0,319.98,True
27,Battery_4,0.0,-4.0,-6.0,-10.0,138.0,110.41,331.47,0.0,331.47,True
28,Battery_4,0.0,-4.0,-6.0,-10.0,131.1,104.86,330.06,0.0,330.06,True
29,Battery_4,0.0,-4.0,-6.0,-10.0,124.1,99.3,343.82,0.0,343.82,True
30,Battery_4,0.0,-4.0,-3.78,-7.78,118.7,94.98,242.11,0.0,242.11,True
31,Battery_4,0.0,-4.0,0.0,-4.0,115.9,92.76,165.82,0.0,165.82,True
32,Battery_4,0.0,-4.0,6.0,2.0,117.1,93.66,139.54,66.87,72.67,True
33,Battery_4,0.0,-4.0,6.0,2.0,118.2,94.56,131.7,60.0,71.7,True
34,Battery_4,0.0,-4.0,-6.0,-10.0,111.3,89.0,358.91,0.0,358.91,True
35,Battery_4,0.0,-4.0,-6.0,-10.0,104.3,83.45,580.82,0.0,580.82,True
36,Battery_4,-10.0,-4.0,-6.0,-20.0,90.4,72.33,1091.23,0.0,1091.23,True
37,Battery_4,-10.0,-4.0,-6.0,-20.0,76.5,61.22,1089.71,0.0,1089.71,False
38,Battery_4,-10.0,-4.0,-6.0,-20.0,62.6,50.11,1074.2,0.0,1074.2,False
39,Battery_4,-10.0,-4.0,-6.0,-20.0,48.8,39.0,984.95,0.0,984.95,False
40,Battery_4,-10.0,-4.0,-6.0,-20.0,34.9,27.89,1197.47,0.0,1197.47,False
41,Battery_4,-10.0,-4.0,-6.0,-20.0,21.0,16.78,1124.75,0.0,1124.75,False
42,Battery_4,-10.0,-4.0,-6.0,-20.0,7.1,5.67,1256.45,0.0,1256.45,True
43,Battery_4,-10.0,-4.0,-6.0,-20.0,-6.8,-5.44,1045.88,0.0,1045.88,True
44,Battery_4,-10.0,-4.0,-6.0,-20.0,-20.7,-16.55,1216.44,0.0,1216.44,True
45,Battery_4,-10.0,-4.0,-6.0,-20.0,-34.6,-27.67,1076.96,0.0,1076.96,True
46,Battery_4,-10.0,-4.0,-6.0,-20.0,-48.5,-38.78,965.35,0.0,965.35,True
47,Battery_4,-5.2,-4.0,-6.0,-15.2,-59.0,-47.22,696.55,0.0,696.55,True
48,Battery_4,0.0,-4.0,-6.0,-10.0,-66.0,-52.78,441.61,0.0,441.61,True
1,Battery_5,-20.0,-8.0,-12.0,-40.0,36.1,57.78,1440.02,0.0,1440.02,False
2,Battery_5,-20.0,-8.0,-12.0,-40.0,22.2,35.56,1375.3,0.0,1375.3,False
3,Battery_5,-20.0,-7.84,-12.0,-39.84,8.4,13.42,351.81,0.0,351.81,True
4,Battery_5,-20.0,0.0,-12.0,-32.0,-2.7,-4.36,215.26,0.0,215.26,True
5,Battery_5,-20.0,8.0,9.48,-2.52,-3.6,-5.76,114.8,11.62,103.18,True
6,Battery_5,20.0,8.0,12.0,40.0,7.7,12.24,0.0,44.92,-44.92,True
7,Battery_5,20.0,8.0,12.0,40.0,18.9,30.24,0.0,-37.06,37.06,False
8,Battery_5,20.0,8.0,12.0,40.0,30.2,48.24,0.0,-68.22,68.22,False
9,Battery_5,20.0,8.0,12.0,40.0,41.4,66.24,0.0,-159.68,159.68,False
10,Battery_5,20.0,8.0,12.0,40.0,52.7,84.24,0.0,-252.02,252.02,False
11,Battery_5,20.0,8.0,12.0,40.0,63.9,102.24,0.0,-173.26,173.26,False
12,Battery_5,20.0,8.0,12.0,40.0,75.2,120.24,0.0,-159.54,159.54,False
13,Battery_5,20.0,8.0,12.0,40.0,86.4,138.24,0.0,-248.76,248.76,False
14,Battery_5,20.0,8.0,12.0,40.0,97.7,156.24,0.0,-194.72,194.72,True
15,Battery_5,20.0,8.0,12.0,40.0,108.9,174.24,0.0,-128.76,128.76,True
16,Battery_5,20.0,8.0,12.0,40.0,120.2,192.24,0.0,-52.82,52.82,True
17,Battery_5,20.0,8.0,12.0,40.0,131.4,210.24,0.0,-43.78,43.78,True
18,Battery_5,-11.6,8.0,12.0,8.4,133.8,214.02,59.28,-56.28,115.56,True
19,Battery_5,20.0,8.0,12.0,40.0,145.0,232.02,0.0,-52.82,52.82,True
20,Battery_5,20.0,8.0,12.0,40.0,156.3,250.02,0.0,-2.04,2.04,True
21,Battery_5,0.0,8.0,12.0,20.0,161.9,259.02,0.0,-24.58,24.58,True
22,Battery_5,0.0,8.0,-12.0,-4.0,160.5,256.8,503.04,46.8,456.24,True
23,Battery_5,0.0,-8.0,12.0,4.0,161.6,258.6,173.28,223.26,-49.98,True
24,Battery_5,0.0,-8.0,0.0,-8.0,158.8,254.16,180.4,0.0,180.4,True
25,Battery_5,0.0,-8.0,-12.0,-20.0,151.9,243.05,877.14,0.0,877.14,True
26,Battery_5,0.0,-8.0,-12.0,-20.0,145.0,231.94,639.96,0.0,639.96,True
27,Battery_5,0.0,-8.0,-12.0,-20.0,138.0,220.82,662.94,0.0,662.94,True
28,Battery_5,0.0,-8.0,-12.0,-20.0,131.1,209.71,660.12,0.0,660.12,True
29,Battery_5,0.0,-8.0,-12.0,-20.0,124.1,198.6,687.64,0.0,687.64,True
30,Battery_5,0.0,-8.0,-7.56,-15.56,118.7,189.96,484.22,0.0,484.22,True
31,Battery_5,0.0,-8.0,0.0,-8.0,115.9,185.51,331.64,0.0,331.64,True
32,Battery_5,0.0,-8.0,12.0,4.0,117.1,187.31,279.08,133.74,145.34,True
33,Battery_5,0.0,-8.0,12.0,4.0,118.2,189.11,263.4,120.0,143.4,True
34,Battery_5,0.0,-8.0,-12.0,-20.0,111.3,178.0,717.82,0.0,717.82,True
35,Battery_5,0.0,-8.0,-12.0,-20.0,104.3,166.89,1161.64,0.0,1161.64,True
36,Battery_5,-20.0,-8.0,-12.0,-40.0,90.4,144.67,2182.46,0.0,2182.46,True
37,Battery_5,-20.0,-8.0,-12.0,-40.0,76.5,122.45,2179.42,0.0,2179.42,False
38,Battery_5,-20.0,-8.0,-12.0,-40.0,62.6,100.22,2148.4,0.0,2148.4,False
39,Battery_5,-20.0,-8.0,-12.0,-40.0,48.8,78.0,1969.9,0.0,1969.9,False
40,Battery_5,-20.0,-8.0,-12.0,-40.0,34.9,55.78,2394.94,0.0,2394.94,False
41,Battery_5,-20.0,-8.0,-12.0,-40.0,21.0,33.56,2249.5,0.0,2249.5,False
42,Battery_5,-20.0,-8.0,-12.0,-40.0,7.1,11.34,2512.9,0.0,2512.9,True
43,Battery_5,-20.0,-8.0,-12.0,-40.0,-6.8,-10.89,2091.76,0.0,2091.76,True
44,Battery_5,-20.0,-8.0,-12.0,-40.0,-20.7,-33.11,2432.88,0.0,2432.88,True
45,Battery_5,-20.0,-8.0,-12.0,-40.0,-34.6,-55.33,2153.92,0.0,2153.92,True
46,Battery_5,-20.0,-8.0,-12.0,-40.0,-48.5,-77.55,1930.7,0.0,1930.7,True
47,Battery_5,-10.4,-8.0,-12.0,-30.4,-59.0,-94.44,1393.1,0.0,1393.1,True
48,Battery_5,0.0,-8.0,-12.0,-20.0,-66.0,-105.55,883.22,0.0,883.22,True
