perfect,deterministic,ensemble_mean,cvar_stochastic,date
19462.092099999994,19098.3635,18468.997499999998,18777.61795,2024-09-08
21150.86,13974.492499999997,12877.023099999999,11660.506549999998,2024-09-09
40407.71215,34924.297600000005,32105.8176,31973.858999999997,2024-09-10
41284.31219999999,36248.029149999995,34238.61074999999,36459.251899999996,2024-09-11
23634.6456,17590.843249999994,17614.384499999996,17706.465949999998,2024-09-12
20960.7114,17152.569,12976.255099999998,15816.293349999998,2024-09-13
43487.296700000006,40598.3019,40347.65255,40016.9014,2024-09-14
25112.8154,11540.002899999996,9427.554499999998,14735.266699999995,2024-09-15
29577.97355,28812.217549999998,28313.0142,24809.742999999995,2024-09-16
25693.153349999993,23261.064899999998,24512.721349999996,23322.290599999997,2024-09-17
23751.422749999998,22739.650749999997,21494.627699999997,21791.19445,2024-09-18
24509.776599999994,22495.930949999994,21651.584249999993,21304.445699999997,2024-09-19
17900.640199999998,15681.339299999998,15357.668599999999,15014.252949999995,2024-09-20
21874.3495,17903.7428,17334.9651,17810.0297,2024-09-21
22905.0668,19485.311999999998,19669.7117,18694.1498,2024-09-22
21054.814599999998,19998.2379,19861.947599999992,19395.45835,2024-09-23
17895.7733,14410.503299999998,13014.45635,13488.800549999998,2024-09-24
18567.257149999998,14562.467699999996,15157.938199999995,14600.014099999995,2024-09-25
18358.1615,13116.7737,13016.282299999997,13030.299499999997,2024-09-26
40458.3938,33453.74505,33398.2463,29120.729749999995,2024-09-27
37020.674,31105.079400000002,32976.46215,32912.43585,2024-09-28
20224.489999999998,12714.640149999996,11042.569499999994,11902.414849999994,2024-09-29
33364.0511,29644.865699999995,29507.280699999996,29935.206199999997,2024-09-30
31722.048000000003,26438.2091,26751.2154,26172.698249999998,2024-10-01
22120.2108,20443.79585,19619.7983,19781.834399999996,2024-10-02
22143.7459,17942.945099999997,17669.853949999997,18478.196849999993,2024-10-03
25913.9144,23716.375599999996,23638.342849999997,23900.032849999996,2024-10-04
23151.0518,12714.402349999997,10147.098399999995,12787.6506,2024-10-05
27456.373199999998,24848.1832,24601.8199,21899.365549999995,2024-10-06
30731.49335,29002.799199999998,28961.8432,28379.746249999997,2024-10-07
18505.739499999996,17773.94075,17259.955899999997,17537.840899999996,2024-10-08
27719.5771,25132.165299999997,22330.002950000002,23051.29785,2024-10-09
34136.5656,32148.755250000006,31214.990999999998,31322.257449999994,2024-10-10
27236.385399999992,25197.1106,25013.3912,24273.031149999995,2024-10-11
20229.196849999997,6200.6441,5445.349,5793.10825,2024-10-12
54889.299100000004,52324.21399999999,53043.65609999999,53238.61039999999,2024-10-13
116469.88639999999,108074.53399999999,110369.6846,104575.76205,2024-10-14
21509.6948,21031.064999999995,20124.5683,20195.823449999996,2024-10-15
35063.590200000006,31744.133299999998,31539.250300000003,31570.7355,2024-10-16
23516.832349999997,16842.230699999993,16488.823099999994,17270.443249999997,2024-10-17
17513.766499999998,14686.748699999995,13363.897399999998,13819.381199999996,2024-10-18
28738.3035,25026.4191,23911.59535,19504.33169999999,2024-10-19
22742.3729,15481.69225,14216.7527,9910.8597,2024-10-20
40296.0784,39030.002250000005,39164.37875,38402.395000000004,2024-10-21
24302.8212,22079.3463,23143.747,20484.96275,2024-10-22
24496.171349999997,21588.8303,22010.5251,21297.805699999997,2024-10-23
32247.592399999998,30462.0715,29401.069599999995,29462.057149999993,2024-10-24
28746.342399999994,25171.145099999994,25603.850199999993,25847.803099999997,2024-10-25
24092.893699999993,22594.112499999996,20490.319600000003,20972.061999999998,2024-10-26
28938.98135,23122.991899999997,21838.733699999997,22368.486549999998,2024-10-27
35609.75595,35037.82250000001,35111.0646,35046.1701,2024-10-28
25019.515799999997,21524.8688,20999.748399999997,21665.84865,2024-10-29
23398.515949999997,22853.5954,21896.761749999998,21970.284,2024-10-30
24269.970399999995,23538.337099999997,23205.0264,22970.5186,2024-10-31
23192.768799999994,21789.0714,21982.714899999995,21876.626299999996,2024-11-01
23001.474599999994,22321.868300000002,22284.2823,17393.491049999997,2024-11-02
24197.4364,21922.145300000004,21546.76625,19550.0579,2024-11-03
36347.6884,34600.40809999999,31422.288,20346.0385,2024-11-04
42064.0285,39683.5819,39674.0306,39672.8864,2024-11-05
31363.099400000003,30458.8244,30349.985099999998,30155.471400000002,2024-11-06
24267.0778,22284.042,21880.669500000004,22267.945999999996,2024-11-07
30797.356399999993,28538.199500000002,26858.7389,26564.553399999997,2024-11-08
22906.97225,22142.79135,22618.817499999997,22606.3427,2024-11-09
20293.887199999997,19073.14305,19238.3795,19767.208499999997,2024-11-10
26735.06519999999,25866.280399999992,25882.274899999997,25907.128399999998,2024-11-11
24814.782399999996,23737.464399999993,23572.353699999992,21178.7461,2024-11-12
27059.016499999994,25768.094699999998,25399.555849999993,24023.29025,2024-11-13
28072.780749999998,27320.491599999994,27369.969099999995,27361.445649999994,2024-11-14
22032.129999999997,21413.796,21522.633750000005,21126.42495,2024-11-15
32202.101500000004,29810.504,30293.9195,28094.050000000003,2024-11-16
33301.85859999999,31182.5153,31865.759000000002,25503.583499999993,2024-11-17
29822.7414,28342.897499999995,28336.0215,25528.064,2024-11-18
28256.750600000003,25973.795299999998,25659.944700000004,25466.3378,2024-11-19
22915.9943,20811.696299999996,20466.2031,20972.253199999996,2024-11-20
23221.788349999995,19419.176499999998,19360.809,17863.562599999997,2024-11-21
27287.2296,24537.838599999995,24184.51359999999,23956.290599999997,2024-11-22
36824.96415,22160.811349999996,24231.014349999998,19877.64585,2024-11-23
22389.4126,20269.93025,20649.9387,20809.4672,2024-11-24
42823.722649999996,40380.0768,40506.49130000001,40277.4189,2024-11-25
38578.518000000004,34888.0027,35037.2571,35496.4373,2024-11-26
22158.9068,21187.87145,21776.0195,19809.27075,2024-11-27
25686.197,23478.503999999997,23476.6795,23211.7675,2024-11-28
23808.16375,20337.973399999995,20126.98149999999,20146.491199999993,2024-11-29
23536.6595,21388.512799999997,20463.0127,20337.774899999997,2024-11-30
28938.067299999995,27249.081,27078.441349999994,27164.1771,2024-12-01
33426.31809999999,28671.765499999998,29303.305,29377.6129,2024-12-02
37760.5453,34697.83805,34234.4397,32625.103600000002,2024-12-03
36635.9042,30132.12245,29344.32465,28514.353799999997,2024-12-04
21369.9674,17146.239799999996,17023.688799999996,16128.993799999998,2024-12-05
32817.845,29024.570600000003,28179.4323,27756.586900000002,2024-12-07
38673.83684999999,37863.639299999995,37574.757000000005,37558.358250000005,2024-12-08
46223.102,42864.2435,44005.8681,43136.6385,2024-12-09
37666.04304999999,36632.9626,35901.561,35591.007300000005,2024-12-10
76487.8988,63392.6942,66590.5008,51391.3044,2024-12-11
102325.00430000002,81372.7391,81221.24920000002,71891.8492,2024-12-12
35920.3141,34234.180649999995,31617.694099999997,22784.909,2024-12-13
19806.69715,16591.8004,15879.892399999993,17328.1933,2024-12-14
19050.83275,17475.2276,17212.042,17204.564250000003,2024-12-15
35666.5666,34541.8134,33113.699499999995,34361.81539999999,2024-12-16
23661.15105,19601.6785,19718.4049,19310.878299999997,2024-12-17
34515.52029999999,33562.923099999985,33566.975099999996,33717.414099999995,2024-12-18
42128.98865,35369.038199999995,35756.1838,36935.9223,2024-12-19
25536.7613,21000.515099999997,21042.151199999997,19885.4646,2024-12-20
6473.734700000001,3576.87025,3223.82165,2290.5366,2024-12-21
32537.378649999995,29719.726150000002,28135.73385,27853.47465,2024-12-22
33791.8009,31186.905399999996,30939.233799999998,31005.857799999998,2024-12-23
21791.815499999997,19912.475199999997,20203.332300000002,20095.02055,2024-12-24
27044.803299999996,23651.436300000005,24017.258700000002,24187.3196,2024-12-25
29355.498899999995,27289.624299999992,27104.065799999993,27601.155999999995,2024-12-26
30928.719499999996,29052.9624,29611.062,30265.502399999998,2024-12-27
24527.757000000005,22243.589500000002,23623.192649999997,23753.535799999998,2024-12-28
22844.517849999997,20355.496099999997,19844.217599999996,21398.648199999996,2024-12-29
40221.281149999995,39420.683399999994,39628.0579,39525.48239999999,2024-12-30
27674.632700000002,22556.78745,24602.433100000002,24491.525800000003,2024-12-31
48770.7494,42904.8959,43383.139950000004,43962.308999999994,2025-01-01
27280.499499999998,25415.696900000006,23381.7994,20030.879399999998,2025-01-02
32849.799,25548.330299999994,28619.147299999997,29497.197299999996,2025-01-03
26546.316,25916.183699999998,26422.5488,22621.62115,2025-01-04
30141.889199999998,28913.612899999996,27960.808899999996,27336.248699999996,2025-01-05
28429.543999999998,24945.579699999995,24632.6248,24554.740299999998,2025-01-06
24559.251399999997,18994.986599999997,17944.366449999994,15617.795649999991,2025-01-07
370510.4040999999,343294.4861,320246.29149999993,320283.71369999996,2025-01-08
26193.223250000003,17399.693199999994,19262.284000000003,17359.122349999998,2025-01-09
34437.2185,29514.168299999998,29895.758400000002,30366.424899999998,2025-01-10
29444.108099999998,26326.2299,27745.538699999997,27381.427649999998,2025-01-11
25316.5006,24740.150950000003,22061.891799999998,22083.642999999996,2025-01-12
24159.6111,19206.0363,19418.676,20474.119700000003,2025-01-13
27968.3284,24159.8504,24069.543799999996,25298.7114,2025-01-14
28185.3119,24186.474299999994,24188.0892,24186.6256,2025-01-15
28278.842800000002,25887.3499,24846.256199999996,25322.3937,2025-01-16
32695.553599999996,31640.895599999996,31313.347499999996,31425.708000000002,2025-01-17
29990.692799999997,28945.185100000006,28848.149899999993,25095.8546,2025-01-18
31559.919700000006,30764.321099999997,29305.554200000002,26736.2511,2025-01-19
61441.847,58897.632900000004,58398.604,57809.532,2025-01-20
50411.31645,46603.59769999999,46859.4491,47675.7552,2025-01-21
63668.168399999995,62025.033899999995,61913.17139999999,61611.4664,2025-01-22
27282.19635,26509.907799999994,25097.9243,24142.687299999998,2025-01-23
43064.36420000001,40199.8187,39691.3177,40509.2329,2025-01-24
46636.9773,38298.7869,22833.26539999999,25683.780999999995,2025-01-25
30491.788699999994,26886.517999999996,23380.0777,20636.65295,2025-01-26
36889.508799999996,35346.869999999995,35798.253849999994,30046.340099999998,2025-01-27
38070.20175,32689.581399999995,35004.8538,33561.4773,2025-01-28
36144.14419999999,35495.44359999999,35409.39760000001,35327.9883,2025-01-29
37246.6845,31926.064199999997,31599.433049999996,26875.687550000006,2025-01-30
28411.734049999995,23680.041599999993,23695.719999999994,24358.394299999993,2025-01-31
26266.8493,20219.79735,18349.0112,20204.9865,2025-02-01
29856.892399999993,20952.959800000004,25391.891000000003,26033.3576,2025-02-02
28623.724849999995,25705.450399999998,25366.281699999996,24545.427700000004,2025-02-03
29241.0471,25129.8444,26997.4271,21731.88525,2025-02-04
32812.1069,31757.7876,31857.936699999995,31838.218849999994,2025-02-05
31053.479349999998,28461.424899999998,28789.5447,29286.00155,2025-02-06
27235.53125,24009.5277,24690.343499999995,23162.699399999998,2025-02-07
34895.110199999996,30666.003700000005,29985.453699999995,30352.8958,2025-02-08
28923.786699999997,25581.0324,26924.943000000003,24174.214849999997,2025-02-10
29064.563649999993,26829.250799999998,26913.000599999996,26917.299299999995,2025-02-11
34686.18609999999,34538.575600000004,34545.283500000005,34490.158500000005,2025-02-12
34740.0455,32235.634399999995,31768.216399999998,30919.4015,2025-02-13
26308.849049999997,21312.165699999998,20876.488550000002,20776.371999999996,2025-02-14
26942.961199999998,18108.123699999996,25296.314949999996,24479.954999999994,2025-02-15
25152.7935,17135.738999999998,17418.1144,18243.098899999997,2025-02-16
28431.61425,21053.144050000003,21946.59285,21686.213200000002,2025-02-17
30276.2081,20532.76889999999,20457.15025,20672.32339999999,2025-02-18
30013.616299999998,26532.59725,27497.237200000003,27846.8872,2025-02-19
21858.4905,14609.907149999995,14865.095,14948.544549999997,2025-02-20
21143.649499999996,9577.4255,12670.318700000002,13811.60755,2025-02-21
32234.6911,25647.998649999998,25290.905349999997,24651.080350000004,2025-02-22
24392.424899999998,5201.010100000001,4527.222799999998,7644.63445,2025-02-23
46820.281899999994,45280.28254999999,44227.38905,44092.130450000004,2025-02-24
26199.6288,20717.23725,21670.461999999992,23192.637199999997,2025-02-25
27611.30274999999,24630.76419999999,25047.889099999997,25522.023299999993,2025-02-26
24959.508499999996,23985.799849999996,24317.1783,23984.797749999998,2025-02-27
22451.175150000003,17876.571099999994,17991.93609999999,18506.046049999997,2025-02-28
24121.145,18432.5345,21386.441349999997,21774.40515,2025-03-01
23443.54725,14705.143199999995,14668.772299999995,15006.123649999996,2025-03-02
30864.386700000003,23298.387199999997,23898.134649999993,25745.209799999993,2025-03-03
34515.82714999999,28189.594600000004,28127.9642,28447.166400000006,2025-03-04
45665.78420000001,36387.55605,37584.5683,37513.1227,2025-03-05
35595.048899999994,27528.05455,27425.4851,27752.610649999995,2025-03-06
31689.1737,30691.9242,30370.158299999996,29043.8131,2025-03-07
20937.780099999996,10382.589899999999,10310.606500000002,11036.682699999994,2025-03-08
22682.00965,20082.141850000004,18658.144199999995,18940.6391,2025-03-09
22484.915749999996,16952.829549999995,15349.284749999995,15272.277699999991,2025-03-10
24230.5844,20864.714699999997,17607.5455,18867.7276,2025-03-11
30712.84505,28925.771699999998,28800.622349999998,28223.902349999993,2025-03-13
25227.974299999994,24087.296549999995,23649.963399999997,24268.187649999996,2025-03-14
21610.8255,19721.3775,18009.220699999998,18787.465149999996,2025-03-15
22589.633749999997,20776.071099999997,20994.254749999996,20223.985499999995,2025-03-16
26174.1242,22225.46395,20434.130500000003,19808.824399999998,2025-03-17
24612.7224,17214.101199999997,16248.681999999999,16561.080599999998,2025-03-18
37532.80009999999,33074.509199999986,32350.682299999993,32209.060449999997,2025-03-19
28811.8954,26815.039600000004,23346.106,24558.976150000002,2025-03-20
26990.7926,18344.792500000003,19153.972599999994,19097.9268,2025-03-21
34335.904899999994,28324.727999999996,29914.841,27441.7672,2025-03-22
25353.146800000002,24641.021949999995,24244.097599999994,24485.44475,2025-03-23
27564.430649999995,26172.03155,25185.021749999993,26320.834149999995,2025-03-24
23455.5062,20727.948599999996,20768.105299999996,22007.014799999997,2025-03-25
23977.231949999998,18549.3232,16760.549399999996,17738.731149999996,2025-03-26
26772.4797,22540.857799999998,22531.943599999995,22679.591249999994,2025-03-27
46217.73095,35968.96665,35778.29045,38230.04304999999,2025-03-28
39789.2127,23182.63085,26253.754699999998,26318.585499999997,2025-03-29
42561.900649999996,38896.55989999999,38744.03094999999,38818.6977,2025-03-30
29946.15454999999,25128.597749999994,24893.320549999997,25128.597749999994,2025-03-31
36040.71274999999,34695.51139999999,34075.3386,34616.7236,2025-04-01
75816.2773,63533.12715,73479.1546,68184.24585,2025-04-02
35836.1241,27948.547399999996,25153.351549999992,27023.862349999996,2025-04-03
30390.299399999996,23834.204999999998,23274.201299999993,23518.688399999995,2025-04-04
67623.9344,57342.37490000001,58805.1904,58083.68205,2025-04-05
42285.14865,35048.3362,34700.5974,33944.628,2025-04-06
24957.0077,21747.739700000002,21092.626050000003,21502.517799999998,2025-04-07
24046.1351,21719.094299999993,21693.685849999998,21813.690150000002,2025-04-08
20162.813,13442.093449999997,15912.36475,15467.696699999999,2025-04-09
25305.769349999995,23894.475099999996,23089.756149999997,22973.85085,2025-04-10
22944.4532,20780.8828,19606.4928,20311.8586,2025-04-11
36758.0334,34044.78690000001,34450.3637,33506.7427,2025-04-12
26979.409,12131.8501,11880.945849999996,9711.197149999996,2025-04-13
22960.0889,13459.823550000003,13756.902049999999,14752.364249999997,2025-04-14
19668.279549999996,15399.221899999997,13409.220749999999,13819.786849999999,2025-04-15
21759.1875,15164.727399999998,15145.987399999995,15146.932799999995,2025-04-16
25324.930700000004,22130.3787,21108.0876,20964.45005,2025-04-17
20961.02435,18893.039999999997,18492.3874,17366.910900000003,2025-04-18
33756.286799999994,25182.183299999993,20871.880199999996,19622.429849999993,2025-04-19
21256.43395,19815.331799999993,15521.549099999998,19260.381849999994,2025-04-20
20209.851599999998,17528.897899999996,18928.7846,19929.8754,2025-04-21
22765.892999999996,20774.7613,20112.64065,20929.7829,2025-04-22
23604.677749999995,21227.212100000004,22972.971899999997,22546.337649999998,2025-04-23
17295.864349999996,15093.9473,15206.287149999995,15603.157449999999,2025-04-24
25191.979549999993,24603.9159,24559.701699999998,24338.557499999995,2025-04-25
22307.6236,17057.616,18262.070849999996,19520.4887,2025-04-26
47644.946599999996,40489.3683,37185.25905,36050.79345,2025-04-27
31976.501699999997,29035.5583,28948.7797,29878.147999999994,2025-04-28
24358.199349999988,23210.5663,23493.679449999992,23400.199149999993,2025-04-29
21693.0241,19229.313249999992,17482.609249999994,18213.449649999995,2025-04-30
21378.972650000003,19913.086649999997,19414.183000000005,20050.20275,2025-05-01
24245.5048,21276.382499999996,20553.557549999998,21020.236999999994,2025-05-02
26942.334749999998,24892.26345,25049.715849999997,24828.1521,2025-05-03
33138.9504,28969.9035,29886.5535,29904.693999999996,2025-05-04
16987.823999999997,10827.806699999994,9180.454949999996,10711.788700000001,2025-05-05
24072.1538,22488.252,23416.606149999996,23219.189899999998,2025-05-06
27146.466849999997,24937.884499999996,25281.122399999997,24645.48595,2025-05-07
27160.485800000002,22240.3837,22181.18825,22620.782499999994,2025-05-08
25860.7428,23745.663999999997,22935.821099999994,23583.64059999999,2025-05-09
22047.408149999996,20084.677999999996,18756.619599999998,17934.15805,2025-05-10
25039.3812,19870.0135,17985.358199999995,17961.1941,2025-05-11
22002.936899999993,18149.2863,18782.6962,18504.2636,2025-05-12
28404.683750000004,26591.021899999996,26592.1912,26090.950150000004,2025-05-13
17970.039699999998,10605.340999999997,10407.444849999993,11265.29175,2025-05-14
22524.71585,10644.375899999997,9073.842099999998,10539.349299999998,2025-05-15
28790.57695,26439.28545,24867.127199999995,25419.8098,2025-05-16
37605.7052,34647.34715,35312.913,35320.406,2025-05-17
29595.331499999997,27928.7232,27739.111399999998,28150.793349999993,2025-05-18
22429.789900000003,20807.762,18923.944449999995,18652.834499999997,2025-05-19
21753.5619,19506.65975,19189.874899999995,19541.85994999999,2025-05-20
26574.15955,22944.612,24227.8138,22697.4169,2025-05-21
20585.6394,19119.457099999996,18846.805849999997,18899.877499999995,2025-05-22
17929.63855,14757.385799999996,13069.093599999997,13733.631449999997,2025-05-23
30406.609599999996,22870.702149999997,20867.94435,21463.924,2025-05-24
25138.905,20795.918400000002,21335.6003,19678.4798,2025-05-25
36194.6398,31439.331899999997,32136.303949999994,31969.4976,2025-05-26
37256.44055,33602.9299,33805.6324,33602.9299,2025-05-27
20412.57125,13655.829849999998,13065.547549999994,13454.4936,2025-05-28
42396.055400000005,34813.71115,35807.956900000005,34618.75715,2025-05-29
27466.421899999998,23921.3404,21926.646199999996,21766.51575,2025-05-30
42028.4158,38319.056749999996,38550.48575,37548.60105,2025-05-31
37514.4563,34540.011000000006,33685.866200000004,33398.375,2025-06-01
22093.872799999994,13517.141599999997,15752.284249999993,16163.757999999998,2025-06-02
39409.9258,37887.8889,38246.26935,37935.79525,2025-06-03
39129.68275,32314.12535,30619.209600000002,30905.540799999995,2025-06-04
28101.287900000003,22127.321099999997,19289.662800000006,19694.807999999997,2025-06-05
34835.6823,21024.042799999996,20418.281949999997,23664.39009999999,2025-06-06
23148.9937,20242.250500000002,19192.737699999998,19342.18125,2025-06-07
47176.78,35409.811,36725.8161,30976.490500000004,2025-06-08
22880.013099999996,15552.495,15919.570899999995,16524.356999999996,2025-06-09
32106.77325,27953.679550000004,27615.7758,26543.99495,2025-06-10
20222.29965,15835.4286,16382.540550000002,16446.0521,2025-06-11
25410.965900000003,15678.2816,15055.341700000003,14522.045999999998,2025-06-12
41721.90955,38567.71105,38638.202,38936.9807,2025-06-13
53719.8479,49874.672399999996,49696.5029,47324.3241,2025-06-14
33451.210849999996,31887.8268,30128.5239,25324.210199999998,2025-06-15
28819.697299999993,21166.616899999994,24153.173499999997,22713.792199999996,2025-06-16
31426.731649999994,28392.252399999994,28832.4291,29300.60545,2025-06-17
27385.888700000003,25081.059399999995,24402.545749999997,25046.328999999994,2025-06-18
23897.1773,20529.237999999998,19351.997449999995,20957.59495,2025-06-19
25576.724749999994,24437.2318,22539.034899999995,22751.477100000004,2025-06-20
22826.797549999996,14605.765649999998,15428.158399999998,13622.579399999999,2025-06-21
62789.11455,58094.41790000001,58171.1319,55488.4309,2025-06-22
38872.415250000005,35430.6041,33085.8925,33195.375199999995,2025-06-23
43190.3396,39523.94715000001,39052.96125,38870.140799999994,2025-06-24
34459.525799999996,29424.62709999999,29173.25745,28819.056650000006,2025-06-25
40797.12025,38153.221699999995,38189.623250000004,36831.40515,2025-06-26
35967.45339999999,30510.2134,30115.472599999997,30239.3011,2025-06-27
42363.3616,38086.03845,39043.9392,38056.1112,2025-06-28
39669.2721,12401.775849999998,10554.376999999997,11366.872449999995,2025-06-29
46277.96500000001,37653.76869999999,38525.27325,39453.756499999996,2025-06-30
54127.60489999999,44192.865249999995,44110.8533,44306.2519,2025-07-01
18546.422249999996,13281.4695,13449.527399999999,13449.527399999999,2025-07-02
21499.49885,18065.765099999997,17356.264649999997,16902.6948,2025-07-03
45410.39009999999,41555.79295,43416.3042,44050.599449999994,2025-07-04
20900.7931,18333.2537,18237.659999999996,17512.63565,2025-07-06
39438.05059999999,38779.8867,37827.44425,36357.710250000004,2025-07-07
23767.29885,21316.1844,20691.699500000002,20691.699500000002,2025-07-08
20461.283649999998,17420.6235,17887.1089,18325.5916,2025-07-09
21791.850899999998,18669.714199999995,17306.602949999997,17468.7869,2025-07-10
23947.2341,22515.9347,22124.8985,21975.487900000004,2025-07-12
24360.65405,22935.717600000004,23065.176799999997,20140.24595,2025-07-13
18296.9971,13833.630499999996,12790.9958,13215.439999999999,2025-07-14
24885.550150000003,17113.3212,19359.989,18641.836499999998,2025-07-15
24800.654799999993,24277.566199999994,24184.286299999992,24193.520299999996,2025-07-16
18598.682549999998,18179.5553,17885.454399999995,18055.2176,2025-07-17
18551.0812,16759.50235,15627.4384,16290.097750000003,2025-07-18
18211.625999999997,16546.9981,16999.855900000002,17378.75095,2025-07-19
20647.00095,15361.554299999996,15067.878199999996,16922.486849999998,2025-07-20
17113.470050000004,16321.9195,16112.438499999998,16469.01695,2025-07-21
19249.585,18112.499900000003,16752.416100000002,16910.7963,2025-07-22
21980.761549999996,20529.3573,20767.661350000002,19796.5167,2025-07-23
19213.8415,17564.9202,18106.7087,18044.397150000004,2025-07-24
20159.926999999996,18617.45755,17947.447499999995,17946.802449999996,2025-07-25
17879.156049999998,15776.994899999998,12484.5344,14804.345049999996,2025-07-26
17794.052,14018.484499999997,12046.532550000004,12481.098999999998,2025-07-27
17382.1238,14855.1676,14927.778999999997,16326.435999999996,2025-07-28
21602.117499999993,19754.08455,18668.9696,16862.6986,2025-07-29
18795.6913,18443.032249999997,17522.4124,17730.674700000003,2025-07-30
21191.807199999996,19978.60245,19529.687749999997,19310.108650000002,2025-07-31
24338.506799999996,20827.5138,21442.098099999996,21472.69715,2025-08-01
29333.732000000004,23668.4048,23683.292500000003,22003.153400000003,2025-08-02
43608.64184999999,36513.80559999999,33536.932799999995,35696.54255,2025-08-03
30881.2888,30076.330199999997,29957.968199999996,29647.398699999998,2025-08-04
32240.0526,23000.2289,22379.689199999997,22798.23165,2025-08-05
34583.981400000004,32709.3781,32148.637600000002,32185.9015,2025-08-06
52531.333,43936.2221,44522.7449,42499.0449,2025-08-07
36446.53934999999,34656.144799999995,34593.4932,34457.26445,2025-08-08
47422.58499999999,46454.860799999995,46424.432400000005,46537.1544,2025-08-09
29878.1139,26531.5002,27068.6535,27484.754899999996,2025-08-10
28617.5541,26938.782299999995,24376.142499999998,19298.924699999996,2025-08-11
24807.5385,23415.836499999998,23075.5064,22552.314599999994,2025-08-12
20469.468500000003,20125.642499999998,18812.375849999997,19772.884199999997,2025-08-13
21225.0303,20445.009,20111.75115,20239.954999999998,2025-08-14
19335.9145,18945.049099999997,18084.05535,18008.350249999996,2025-08-15
19379.222149999998,13740.71415,15636.468499999997,15036.287650000002,2025-08-16
20878.172300000002,20033.1748,18254.537,18956.795799999996,2025-08-17
20131.6289,19118.400799999996,18954.320399999997,19262.0464,2025-08-18
18091.463600000003,17954.757,14242.1004,14043.6426,2025-08-19
22518.3343,18845.387299999995,16152.562799999996,16446.88139999999,2025-08-20
18353.6955,17392.914599999996,16625.7742,17281.99875,2025-08-21
22458.41375,20747.802499999998,19741.6673,20608.00185,2025-08-22
19928.2391,19164.5458,17764.076800000003,18165.6293,2025-08-23
19367.78015,17471.724800000004,16246.49655,17296.9358,2025-08-24
42919.594099999995,39842.56275,39975.73055,40752.8034,2025-08-25
29780.445649999998,26834.9848,21252.744799999993,23057.768849999993,2025-08-26
20653.383499999996,18192.446899999995,18142.4466,18131.69215,2025-08-27
19507.885099999996,14739.745299999993,12412.22125,13148.736799999995,2025-08-28
26707.516149999996,23609.460399999993,23139.597899999997,23516.437749999994,2025-08-29
18712.757849999998,15762.398699999998,15698.422249999996,16275.95925,2025-08-30
37079.87715,27166.574999999997,28181.342799999995,28294.83514999999,2025-08-31
40305.39874999999,39792.64874999999,39032.085049999994,38523.81115,2025-09-01
20352.528449999998,14897.319399999993,14009.933149999997,12052.235699999994,2025-09-02
22908.020299999996,19629.566499999994,19779.6815,19275.570499999994,2025-09-03
21492.134749999997,17127.858449999996,15500.840399999994,15679.7025,2025-09-04
23476.239299999994,22688.109399999998,21607.131199999996,19231.9692,2025-09-05
36251.4114,32698.2091,32680.6237,32422.224399999996,2025-09-06
30092.1339,22788.809350000003,22288.909699999997,23441.556199999995,2025-09-07
58132.58430000001,57104.37305000001,53649.49004999999,56029.16305,2025-09-08
21998.602,21462.702549999998,20716.599449999998,20900.51485,2025-09-09
32227.173249999996,28305.807699999998,27813.831449999998,27523.2354,2025-09-10
35564.958549999996,32893.251099999994,33575.7296,32566.05865,2025-09-11
43316.315149999995,41102.49734999999,41298.003,41575.7344,2025-09-12
42055.7093,38197.896700000005,37243.13995,37540.3144,2025-09-13
17727.70995,9553.4273,9717.989599999997,10721.4767,2025-09-14
31456.102450000002,27126.9003,28257.44015,28229.882799999996,2025-09-15
41455.49739999999,39487.0216,36594.62255,36827.7342,2025-09-16
30214.618399999996,28090.725100000003,27502.6774,27664.745649999997,2025-09-17
32165.79440000001,27006.780049999998,26896.8883,26189.67105,2025-09-18
42327.554249999994,39202.91745,38973.5167,37930.27344999999,2025-09-19
19245.4899,14786.58975,7770.3786999999975,11717.03515,2025-09-20
41418.362700000005,35524.82485,35186.85675,34344.057949999995,2025-09-21
21850.9585,19460.659099999997,19817.2771,20028.039499999995,2025-09-22
21498.823949999995,19894.10149999999,19178.4735,18796.480399999997,2025-09-24
24218.528700000003,22054.941399999996,22275.975700000003,22292.644949999994,2025-09-25
19962.670349999997,16613.18915,15548.509199999999,15992.566149999997,2025-09-26
19726.5715,18434.4259,18462.3425,18479.146099999998,2025-09-27
24284.638399999996,20089.1956,19996.6348,19973.6788,2025-09-28
26038.145949999995,22173.164900000003,22630.2761,21719.14375,2025-09-29
24066.254600000004,22464.17025,23353.589099999997,21845.413,2025-09-30
23793.0064,22585.555999999997,22234.067900000002,21181.10919999999,2025-10-01
22747.589699999997,21388.15595,21133.093399999998,20686.0464,2025-10-02
38630.52114999999,31028.863050000004,32856.001449999996,34528.929000000004,2025-10-03
6350.0726,1851.028700000001,1930.3211000000003,2115.2075500000014,2025-10-04
34852.43395,32573.747099999997,32445.097299999994,32631.57905,2025-10-05
33406.696599999996,26802.681950000002,25394.06875,27374.115049999997,2025-10-06
27235.100549999996,25321.242699999995,25247.543299999994,25363.214499999995,2025-10-07
24605.585,23870.823399999994,23497.345349999996,22245.361699999998,2025-10-08
26217.4108,23790.501899999996,22994.055799999995,23400.315099999996,2025-10-09
19762.432200000003,17703.5205,15785.524349999994,16784.289099999998,2025-10-10
25847.096849999998,22618.23955,23195.6664,22677.10195,2025-10-11
23392.039149999997,21318.27495,21770.0887,22653.488149999997,2025-10-12
65073.0641,45966.54370000001,45933.36050000001,41751.5769,2025-10-13
33748.3103,30186.794449999994,31215.476099999996,30326.149999999998,2025-10-14
29919.436749999997,28539.3114,29238.886500000004,28155.218899999996,2025-10-15
23565.548799999997,22917.7658,23131.2509,23279.481,2025-10-16
23299.17845,22309.28205,21852.27865,20485.08735,2025-10-17
20080.4652,18004.1474,18616.502200000003,18988.995150000002,2025-10-18
19243.409399999997,14910.485699999997,14694.69095,14452.720749999997,2025-10-19
24046.202249999995,21843.343699999994,21653.064549999996,21826.791449999997,2025-10-20
20486.59375,15826.638749999998,16509.897899999996,15877.567649999997,2025-10-21
53349.49160000001,49793.20360000001,49224.197,49227.7926,2025-10-22
17284.58645,14968.252899999998,13917.539999999997,14938.803349999996,2025-10-23
41896.35769999999,34906.764899999995,36009.1247,35986.434550000005,2025-10-24
24952.820099999997,22446.641300000003,22226.04335,22214.01775,2025-10-25
22786.559500000003,16778.0271,16728.367099999996,16322.357599999998,2025-10-26
40796.5686,40621.9018,40274.08065,40029.74105,2025-10-27
36263.91725,34270.814849999995,34451.12195,34583.320999999996,2025-10-28
30440.552,28337.207699999995,26595.492899999994,24025.188399999995,2025-10-29
17138.292599999997,13737.4845,13922.956,13998.087599999999,2025-10-30
30762.0824,20465.585,21094.923599999995,21246.618799999997,2025-10-31
31301.878900000003,26900.034499999998,24012.634899999997,24860.762600000002,2025-11-01
19574.201199999996,16843.16745,15262.7409,16182.4846,2025-11-02
19812.5923,16275.76465,14703.2674,15130.189449999998,2025-11-03
35548.295,34076.47099999999,33289.028549999995,32909.0851,2025-11-04
24030.446600000003,20770.261799999997,19891.920199999997,20042.7222,2025-11-05
21549.4312,18942.878299999997,18601.9073,18474.0218,2025-11-06
21073.832199999993,20604.2763,20560.052699999997,19606.716049999995,2025-11-07
19755.7666,18404.1075,17226.890699999996,17530.114500000003,2025-11-08
18781.16745,15354.392849999997,14641.1683,14821.194799999997,2025-11-09
19032.3905,18160.4755,17807.528599999998,17750.161350000002,2025-11-10
16864.117,15925.025899999997,15613.854000000001,15555.836599999997,2025-11-11
28202.0942,25449.149,26463.267999999996,26576.716899999996,2025-11-12
30661.6318,30217.948800000002,30177.4833,30137.4518,2025-11-13
20961.598699999995,18673.004,19129.7074,19093.8635,2025-11-14
21000.041400000002,19645.5587,19135.965900000003,18985.338200000002,2025-11-15
21488.964699999997,20128.2515,18859.846099999995,19004.66285,2025-11-16
26717.068199999998,24514.4818,24514.4818,24525.2738,2025-11-17
20157.681299999997,18988.2362,18993.315300000002,19165.7448,2025-11-18
19358.182099999998,15372.161299999996,15741.935399999998,15913.049099999995,2025-11-19
33488.8417,31356.5081,30634.668899999997,31902.71015,2025-11-20
36967.5107,28686.321,30021.714999999997,32085.127399999998,2025-11-21
16947.8603,15369.329099999997,15058.636099999994,14634.3175,2025-11-22
23992.0876,21868.9963,21539.6602,21317.5785,2025-11-23
20659.388899999998,18719.903399999996,19099.699399999998,18682.906400000003,2025-11-24
37234.010899999994,35133.9527,34938.4513,34938.198449999996,2025-11-25
23554.358099999998,20834.8016,21255.1023,20655.8132,2025-11-26
18021.924899999998,16233.5362,16087.950199999997,16546.28475,2025-11-27
18620.482899999995,10711.908800000001,9837.639,11660.679499999998,2025-11-29
21532.047649999997,19202.660999999993,20821.461499999998,20053.447099999998,2025-11-30
20610.5305,19469.685899999997,19212.596399999995,18807.738449999997,2025-12-01
28430.585399999996,26970.1698,26180.914749999996,25990.995549999996,2025-12-02
22925.941499999997,22141.057749999996,21313.72855,21583.4847,2025-12-03
17009.048499999997,14149.0287,14388.2391,13146.227200000001,2025-12-04
19693.17255,19488.4095,19542.811799999996,19493.348999999995,2025-12-05
16604.099749999998,14948.976300000002,14718.4708,14716.3499,2025-12-06
17100.0368,16791.709799999997,15585.470399999997,15701.4106,2025-12-07
27040.2078,24265.148999999998,23704.1282,25514.545750000005,2025-12-08
21657.881699999998,18200.913399999998,12676.17155,14627.679499999998,2025-12-09
28425.702700000005,26110.356549999997,25977.941349999997,25858.453850000005,2025-12-10
19986.569199999998,17148.08395,16593.65025,15941.8023,2025-12-11
20331.9517,19167.9433,19374.089999999997,19404.0169,2025-12-12
16828.48865,16239.174049999998,15929.7981,15490.067149999999,2025-12-13
24465.568849999996,23008.707799999996,22462.1596,22637.407199999998,2025-12-14
22736.9837,21506.764199999998,21203.7172,21352.190199999997,2025-12-15
20414.73665,17398.068799999994,17486.14415,18119.31625,2025-12-16
17362.408499999998,15774.5235,14891.643499999998,14658.7808,2025-12-17
22979.598899999997,20708.4104,21289.975399999996,20050.080649999996,2025-12-18
32338.523,30539.077,30649.321699999997,30367.2707,2025-12-19
19628.243599999998,19274.352,19337.359599999996,19369.115749999997,2025-12-20
16352.425500000001,12409.935099999997,12912.006999999998,12686.7235,2025-12-21
24245.16235,23521.5107,23074.855499999998,22974.0555,2025-12-22
16453.7519,13319.889499999996,13165.252849999997,14191.545,2025-12-23
21484.785499999998,20712.251099999998,20511.0262,20491.8107,2025-12-24
22150.8678,20495.970799999996,20786.1823,20280.443,2025-12-25
19616.343999999997,19246.3738,18809.665799999995,18288.796899999998,2025-12-26
15929.965999999999,15148.234949999998,14742.275099999999,15242.430999999999,2025-12-27
18686.66205,17670.0703,18071.581599999998,18240.3526,2025-12-28
18906.4361,18319.1518,18482.928499999998,18546.6271,2025-12-29
20399.0594,19820.599150000002,19397.721400000002,19673.514300000003,2025-12-30
19009.1489,17652.619,14676.5385,14259.166550000002,2025-12-31
25025.651899999997,20447.049499999997,21067.112,21109.082649999997,2026-01-01
27150.9079,26668.554799999998,25915.3298,26358.3263,2026-01-02
19884.2754,18985.3379,18576.7129,18293.48405,2026-01-03
21889.689249999996,20996.202699999998,21217.35585,17720.667250000002,2026-01-04
50670.672099999996,43606.4047,41468.156449999995,31783.333300000002,2026-01-05
66046.61109999998,34946.7565,37419.7554,33704.9791,2026-01-06
17627.048499999997,16283.440399999996,16274.116699999997,15907.318949999999,2026-01-07
77376.3298,38619.8898,40681.9431,39915.8788,2026-01-08
18799.007049999993,17449.1287,17192.6489,17336.49675,2026-01-10
18024.951549999998,15969.912349999999,16146.340199999999,16286.64705,2026-01-11
19224.228749999995,17912.3822,17996.8868,16516.485849999997,2026-01-12
21140.470049999996,18890.4844,17338.745000000003,17628.3356,2026-01-13
24272.389899999995,20871.3288,22158.9727,21527.537299999996,2026-01-14
26490.418499999996,24905.3277,24530.592800000006,24405.976199999997,2026-01-15
23839.7439,20026.203599999997,17266.541400000002,18010.585849999996,2026-01-17
24102.122099999997,22343.1915,22296.468649999995,23200.4531,2026-01-18
27819.3373,25625.519649999995,23198.134299999998,23848.09695,2026-01-19
20853.224,16901.61525,16325.654199999999,15975.384799999998,2026-01-20
22460.97255,19825.4808,19961.658599999995,19884.512599999995,2026-01-21
26802.427099999997,25073.412999999993,24378.307299999993,23785.059,2026-01-22
24611.961799999997,22854.608899999992,23261.546199999993,22601.638199999994,2026-01-23
25908.961800000005,24852.264199999998,22447.776749999997,19645.96765,2026-01-24
23963.940999999995,23338.556999999997,23515.257599999997,22847.761049999997,2026-01-25
27570.607200000002,25043.0416,26325.522299999997,24667.7136,2026-01-26
24924.2531,22128.7554,21556.8431,21425.775599999997,2026-01-27
26976.1417,25019.348499999996,24946.41679999999,25356.250299999996,2026-01-28
28261.013899999998,25621.74205,25614.1324,25633.517499999998,2026-01-29
20866.2487,17249.176999999996,16391.598599999998,16586.101599999998,2026-01-30
21466.934500000003,19024.588299999996,17490.872099999997,17269.5017,2026-01-31
30020.3269,26534.3309,26931.0129,26069.6595,2026-02-01
21079.7775,19987.828199999996,15134.694899999995,16861.9786,2026-02-02
26333.5477,24756.343800000002,25167.1181,24946.457599999998,2026-02-03
21185.928249999997,19815.750399999997,19514.583300000002,20270.984599999996,2026-02-04
26164.442699999996,25269.680999999993,25151.072999999997,24397.8434,2026-02-05
20237.5175,15773.450199999994,15876.1467,16107.206699999995,2026-02-06
19974.803,18855.7745,19228.572050000002,19219.745199999998,2026-02-07
20952.71575,20024.063349999997,19256.3208,19618.320699999997,2026-02-08
20513.342249999998,18556.667199999996,17675.247099999993,18513.3141,2026-02-09
18184.8853,16940.851349999997,17026.6629,17347.4642,2026-02-10
17864.947999999997,14935.044399999995,15610.531500000001,15785.4847,2026-02-11
17613.6844,13768.377199999999,13103.002699999995,12605.11945,2026-02-12
19650.73825,16939.0083,17743.93585,17696.3711,2026-02-13
22007.530099999996,17740.1019,18849.1745,18519.8166,2026-02-14
17959.5805,15131.8853,15208.303699999999,15008.2673,2026-02-15
17705.463750000003,14614.441799999997,14279.05835,13956.754699999998,2026-02-16
16665.940199999997,15786.5355,16526.2996,15963.601499999999,2026-02-18
28387.373199999998,25326.3628,24869.818799999994,24961.9679,2026-02-19
16493.072,15227.9775,15565.692500000001,15031.266699999998,2026-02-20
25325.367,17678.187549999995,17021.2693,16354.079949999998,2026-02-21
26925.51525,19875.0141,20783.231200000002,18505.528599999998,2026-02-22
35853.521499999995,31411.586499999998,30330.915399999998,30407.717999999997,2026-02-23
21319.255899999996,13370.168499999996,14269.592949999995,16324.160149999994,2026-02-24
23357.908099999997,18027.119099999996,20384.05995,19677.6195,2026-02-26
28825.251999999997,24165.495899999994,22798.3662,22440.2256,2026-02-27
22817.2693,20879.20425,21241.242899999997,21089.20215,2026-02-28
41511.1231,31418.882999999994,31275.479,30291.6524,2026-03-01
37932.80725,28202.3678,28686.718600000007,28228.7678,2026-03-02
29564.999,27420.490349999993,27475.19315,28403.921199999997,2026-03-03
31660.824299999986,26327.568549999996,26521.8399,26241.90455,2026-03-04
29829.145199999995,23804.345799999996,23465.8734,22963.3784,2026-03-06
29933.107949999994,28560.2418,27714.6169,26989.854499999998,2026-03-07
31192.2839,30872.9344,29995.042799999996,30187.627950000002,2026-03-08
32149.3626,24081.747299999995,24969.543499999996,26515.63965,2026-03-09
23272.111599999997,16686.03965,16577.5297,16683.66525,2026-03-10
40192.9874,35915.4163,33602.175,32717.42299999999,2026-03-11
34236.8373,24983.46074999999,22645.854550000004,23050.007299999997,2026-03-12
47547.104499999994,41935.89605,41626.07825,37777.1465,2026-03-13
27592.955799999996,24012.80285,23974.1712,24049.40465,2026-03-14
54237.67,52105.452000000005,53205.28744999999,53182.103449999995,2026-03-15
41646.797699999996,30312.560899999993,28358.6204,24500.02369999999,2026-03-16
41313.60735,37967.460399999996,38468.7228,39429.5978,2026-03-17
33149.37454999999,30693.211999999992,30276.846849999994,30563.702449999997,2026-03-18
31902.7759,25263.144200000002,25083.445,25259.4197,2026-03-19
29928.598250000006,28973.963849999996,28818.778899999998,28749.717349999995,2026-03-20
30168.690199999997,27527.347999999998,28642.908199999994,28651.085249999993,2026-03-21
35590.0328,25689.383499999996,24998.199599999996,24354.107149999993,2026-03-22
33412.46184999999,21614.829699999995,24915.878299999997,24987.441099999996,2026-03-23
25294.619599999998,17905.571399999997,15295.033199999998,14120.537099999994,2026-03-24
50517.08595,42831.76775,30351.95665,25778.400749999997,2026-03-25
29762.9349,21755.729099999997,21074.5245,20386.575299999993,2026-03-26
27433.56899999999,25144.249799999998,21760.464199999995,24604.359699999994,2026-03-27
65646.10995,55219.664899999996,52482.7546,51507.35325,2026-03-28
66932.16699999999,61604.6874,61718.406,57614.967450000004,2026-03-30
32347.415599999993,26840.1935,25997.8568,26546.5857,2026-03-31
30834.3636,24776.5839,23412.231350000005,24290.974749999998,2026-04-01
23682.709349999997,17351.326699999998,16607.435399999995,17465.3476,2026-04-02
22465.6174,-16187.638000000006,-13449.342100000003,-14180.121599999999,2026-04-03
51879.65439999999,30542.5276,25276.925749999995,24305.205799999996,2026-04-04
60042.3574,41917.77305,49040.021400000005,43136.27515,2026-04-05
65422.002,52894.68565,40429.4234,35441.279899999994,2026-04-06
72678.72750000001,62756.97424999999,65197.5369,59800.68754999999,2026-04-07
31726.9552,28308.21535,27975.91645,27730.205199999997,2026-04-08
24072.070399999997,18424.729799999997,17851.250049999995,17786.288899999996,2026-04-09
39796.79825,35563.889299999995,34720.35494999999,35683.03524999999,2026-04-10
14627.32655,10518.9456,10224.431,9983.0629,2026-04-11
46503.80115000001,42614.719,41574.85825,41538.3112,2026-04-12
33631.61,30562.945,25778.519800000002,23017.664,2026-04-13
29109.03685,27536.373,27440.631099999995,26376.1085,2026-04-14
34229.7739,31536.94625,31271.309650000003,31250.890450000003,2026-04-15
24583.754149999993,18350.089049999995,18249.575149999997,18272.530999999995,2026-04-16
38214.55,34909.2815,34854.936100000006,34351.6398,2026-04-17
32732.627549999994,21883.377050000003,21153.533199999998,19915.55015,2026-04-18
28022.4542,21414.426999999996,19395.012899999994,18440.769699999997,2026-04-19
22918.868199999997,21587.74465,21130.8512,21409.362499999996,2026-04-20
38646.04775,37477.58305,36835.4738,36449.109599999996,2026-04-21
65989.7999,59527.8786,58473.2971,54702.029149999995,2026-04-22
29227.127600000003,26461.712849999996,26669.5294,26535.774600000004,2026-04-23
25217.2355,19361.658799999997,18235.349799999996,19338.923199999994,2026-04-24
24335.1854,14836.030149999995,14673.409499999996,14980.474349999997,2026-04-25
24095.891000000003,16005.905199999996,13873.697899999992,10799.610099999994,2026-04-26
28815.09379999999,20459.539499999995,19680.464099999994,17710.006999999994,2026-04-27
22265.051700000004,14303.514349999996,13605.775999999994,14109.221399999999,2026-04-28
44111.79965,32371.4394,28660.210349999998,27313.193549999996,2026-04-29
64649.702600000004,57109.13724999999,56051.00435,56052.43635,2026-04-30
34030.899399999995,29343.273,29418.18454999999,29270.677099999994,2026-05-01
36264.0956,34499.77665,32438.50035,30526.45704999999,2026-05-02
23269.716,18745.9573,18791.382400000002,20049.401749999997,2026-05-03
28894.4913,27874.54275,28400.943149999992,28208.0545,2026-05-06
37292.60889999999,33690.01670000001,32717.364900000004,29443.958749999998,2026-05-07
26770.6261,24056.885,18939.2702,18186.478199999998,2026-05-08
39653.917199999996,37657.865249999995,37918.0916,30940.72425,2026-05-09
49412.3992,45856.4847,42045.21429999999,40281.83254999999,2026-05-10
22835.202849999998,9399.573399999996,8159.544850000001,10858.692299999999,2026-05-11
37464.56909999999,34161.67185,33633.757249999995,33897.16799999999,2026-05-12
29950.183499999996,26844.13825,24382.482149999996,26642.5663,2026-05-13
25839.940249999992,18671.167949999995,17701.169899999994,18838.233949999994,2026-05-14
24259.387,16358.869550000005,15695.640799999992,15210.248799999992,2026-05-15
23477.218999999997,14907.482799999996,16579.964149999996,17274.325449999997,2026-05-16
34422.012249999985,23540.649299999997,23590.915399999998,27048.56025,2026-05-17
25536.374499999998,25231.807099999998,23890.300799999997,24174.649500000003,2026-05-18
29713.4298,19527.9109,21311.462099999993,23960.201299999993,2026-05-19
24190.63725,12077.446249999995,11762.793049999993,11127.47179999999,2026-05-20
35604.1136,32498.682650000006,32051.533399999997,31143.79629999999,2026-05-21
31738.965,29161.20149999999,29011.7944,28444.400949999996,2026-05-22
29237.256399999995,22531.52315,22270.5761,22103.23679999999,2026-05-23
26982.247149999996,24261.778399999996,24108.216899999992,23854.025599999994,2026-05-24
33251.179800000005,28199.093949999995,26371.269700000004,26877.3016,2026-05-25
31318.0628,25101.4521,28427.583100000003,27786.3859,2026-05-26
27809.889350000005,24478.578849999994,22314.939999999995,21097.408499999994,2026-05-27
47646.84985,44633.5177,44720.4833,44484.5009,2026-05-28
28991.521600000004,25379.36455,25812.36635,24754.643149999996,2026-05-29
23316.101099999996,19734.4823,19728.0837,20081.709299999995,2026-05-30
27565.433100000002,24972.885149999995,22776.220499999996,22777.61069999999,2026-05-31
28726.450149999997,25888.162,26335.732299999996,26502.348149999994,2026-06-01
26486.602499999997,23530.941149999995,20648.278899999998,20524.1371,2026-06-02
37979.908299999996,36096.195049999995,35488.2919,34876.3774,2026-06-03
52623.952000000005,43433.467150000004,44907.816349999994,43901.603,2026-06-04
29945.4168,29226.8806,28197.3029,28277.292049999996,2026-06-05
46168.8999,44322.83894999999,42326.77919999999,40633.519700000004,2026-06-06
63189.13919999999,59891.07960000001,59883.68460000001,61252.126099999994,2026-06-07
26018.061099999995,21495.905199999997,18597.442000000003,18690.35474999999,2026-06-08
32916.88785,31167.67869999999,31209.293499999996,30510.161349999995,2026-06-09
32064.369799999997,29831.5259,28845.839399999997,29363.693099999993,2026-06-10
25834.041599999997,22241.05045,21524.343649999995,21685.7215,2026-06-11
49681.786049999995,38646.5012,36135.028600000005,36107.3634,2026-06-12
45445.7785,42147.3498,41304.84730000001,40646.3008,2026-06-13
45920.93195,26601.614999999998,26649.605749999995,31818.9731,2026-06-14
26317.3939,17615.22245,16750.487699999998,16471.954549999995,2026-06-15
32076.105649999998,27052.1552,28359.091549999997,27401.66635,2026-06-16
30089.369649999993,27854.84515,27200.916600000004,25640.206400000003,2026-06-17
24597.09965,21804.820499999994,22095.6561,22466.365500000004,2026-06-18
29568.597599999994,25598.7531,26083.5096,25123.290699999998,2026-06-19
29016.1007,23089.220350000003,23096.644399999997,23212.7489,2026-06-20
26193.949399999998,23688.057499999995,23794.477499999997,25092.368799999993,2026-06-21
40669.023949999995,37767.64055,37638.96665,37131.72025,2026-06-22
136764.91295,131810.9706,126744.8399,120481.89009999999,2026-06-23
59839.607899999995,52005.95895,52470.0842,51777.575899999996,2026-06-24
25024.14175,21882.936000000005,21081.334499999997,20366.183900000004,2026-06-25
37323.4504,27802.745849999996,27741.3727,30284.155649999997,2026-06-26
40801.228,35651.2194,33061.3397,33675.77,2026-06-27
79977.84220000001,73785.40384999999,72095.96789999999,68572.9658,2026-06-28
36341.36515,33632.4954,34947.2175,34346.612049999996,2026-06-29
32576.937599999994,30060.813599999998,30680.486699999994,31694.742299999998,2026-06-30
23260.1025,20979.8005,20615.70495,21022.530700000003,2026-07-01
55252.0861,49439.75810000001,47249.64899999999,47249.64899999999,2026-07-02
25142.717249999998,20850.2388,20541.741799999993,21010.04465,2026-07-03
67416.73120000001,65671.9197,65984.5197,65985.1621,2026-07-04
59146.3885,54162.48565,51046.9698,50408.0508,2026-07-06
32501.761199999994,28503.299600000002,28200.236899999993,26931.84709999999,2026-07-07
38755.2442,37345.2501,36775.019599999985,36380.8278,2026-07-09
24099.294,11696.516099999999,11606.2869,12917.934750000002,2026-07-11
66309.58799999999,65329.14209999999,65258.7101,65258.7101,2026-07-12
38084.735499999995,36904.452300000004,36021.84909999999,35967.250700000004,2026-07-13
47486.60315,46363.489449999994,46209.90089999999,45271.16819999999,2026-07-14
37727.21469999999,34058.88485,34561.54179999999,35471.2753,2026-07-15
45034.58255,40657.382549999995,41970.21065,40104.6205,2026-07-16
31831.232949999998,29599.429399999994,30661.17259999999,29609.42905,2026-07-17
36753.23459999999,35523.857599999996,34274.5983,32835.4987,2026-07-18
71205.442,69419.8541,69733.2721,69815.7711,2026-07-19
35839.6706,33646.4792,32681.071849999993,31002.012450000002,2026-07-20
32621.7253,31655.625249999997,29405.038300000004,29516.200500000003,2026-07-21
31196.672400000003,26028.761000000006,26665.487899999996,27733.9343,2026-07-22
30796.243400000003,28611.67745,27988.91375,27709.65715,2026-07-23
48169.2969,43149.799100000004,43091.88709999999,43052.397150000004,2026-07-24
82490.1582,82239.8876,81893.2206,81892.7486,2026-07-25
81969.9329,75728.88780000001,75655.25540000001,75825.06695,2026-07-26
54313.29815,24841.720999999998,24296.4936,29967.5011,2026-07-27
62566.764299999995,61219.483199999995,60956.65255,60728.24859999999,2026-07-28
34587.6244,30742.358449999996,29650.592,32304.9207,2026-07-29
31473.422,25135.1029,25535.276700000002,26802.977099999996,2026-07-30
29475.422449999995,28148.982400000004,26368.942350000005,26332.484,2026-07-31
55561.600699999995,52191.680199999995,53341.78869999999,51690.54069999999,2026-08-01
30872.809449999993,25183.533649999998,24211.92064999999,25230.621849999992,2026-08-02
30973.658949999994,28684.514249999997,26363.3897,27568.6763,2026-08-04
64045.9009,60502.0818,60224.94455,56285.891350000005,2026-08-05
41102.4167,28828.919699999988,28030.380899999996,28030.380899999996,2026-08-06
47211.1363,46581.5184,46639.039099999995,45944.001099999994,2026-08-07
80821.37220000001,78676.1206,78432.26889999998,78465.2764,2026-08-08
68100.6776,65800.0557,66141.4717,67342.53850000001,2026-08-09
41094.1238,35520.8494,34688.6635,33288.94895,2026-08-10
47149.12330000001,45762.8685,45952.920099999996,46084.02834999999,2026-08-11
39911.951799999995,33516.61685,32839.16725,34080.735100000005,2026-08-12
44961.802899999995,40925.20420000001,40239.48200000001,40254.617500000015,2026-08-13
43430.39245,41080.678499999995,40995.43935,34616.4651,2026-08-14
33269.482749999996,26837.933200000003,26324.74519999999,26898.928849999997,2026-08-15
41984.74380000001,35632.34994999999,35638.38984999999,33878.205,2026-08-16
38123.16675,33863.974749999994,32851.011,33813.442899999995,2026-08-17
41474.783500000005,36310.79419999999,36278.39659999999,37096.6971,2026-08-18
35408.65575,28676.3766,30003.829299999998,30717.1363,2026-08-19
32189.936999999994,23913.440449999995,22866.894500000002,24336.501849999997,2026-08-20
31349.3438,24768.943399999996,25247.157399999996,27471.119399999996,2026-08-21
69154.3365,53621.2136,53248.306599999996,51654.683950000006,2026-08-22
36253.9642,34066.0033,33564.33705,33369.78155,2026-08-24
41618.39709999999,39832.98629999999,40068.92019999999,38286.77674999999,2026-08-25
38911.19295,34946.6442,34326.355200000005,33808.873550000004,2026-08-26
48651.1271,41957.551999999996,39003.212750000006,38611.26545,2026-08-27
33045.24375,28178.09115,26666.5642,27204.245300000002,2026-08-28
41566.956999999995,34729.102100000004,34560.18609999999,25859.370949999997,2026-08-29
33438.3595,20536.425999999992,21886.189450000005,29615.131549999995,2026-08-30
53212.20309999999,49276.21029999999,49288.15529999999,47722.8508,2026-08-31
71361.87474999999,68213.3404,67505.0597,64662.901099999995,2026-09-01
37816.42235,30796.5294,30764.713699999997,30720.98455,2026-09-02
76055.85579999999,68261.6635,65142.9519,71539.4656,2026-09-03
58430.727599999984,54311.8603,55329.5983,55803.43394999999,2026-09-04
82648.86319999999,78690.27530000001,79245.9779,79043.2838,2026-09-05
103547.28409999999,92875.5563,91176.3223,83274.4712,2026-09-06
44796.9675,40535.50439999999,41420.39199999999,41178.59199999999,2026-09-07
38154.0845,20819.38099999999,21241.004299999993,21216.030649999993,2026-09-08
50877.716,38084.56330000001,33273.7994,33071.4596,2026-09-09
56628.4518,55308.753399999994,55862.22469999999,55948.665199999996,2026-09-10
40876.91055,37314.658299999996,37442.1887,35838.28949999999,2026-09-11
110537.02070000001,85764.05380000001,84584.1253,84894.6173,2026-09-12
48929.3257,46483.760899999994,46227.09339999999,45859.797399999996,2026-09-13
43941.0612,41025.31599999999,40815.30829999999,40218.515999999996,2026-09-14
68888.95679999999,47644.28660000001,48143.4877,48973.82294999999,2026-09-15
