settlement_period,price,asset,action,power_mw,soc
1,91.83,Battery_1,discharge,10.0,22.2
1,91.83,Battery_2,discharge,25.0,36.1
1,91.83,Battery_3,discharge,50.0,36.1
1,91.83,Battery_4,discharge,20.0,36.1
1,91.83,Battery_5,discharge,40.0,36.1
2,88.86,Battery_1,discharge,4.4,10.0
2,88.86,Battery_2,discharge,25.0,22.2
2,88.86,Battery_3,discharge,50.0,22.2
2,88.86,Battery_4,discharge,20.0,22.2
2,88.86,Battery_5,discharge,40.0,22.2
3,59.11,Battery_1,hold,0.0,10.0
3,59.11,Battery_2,hold,0.0,22.2
3,59.11,Battery_3,hold,0.0,22.2
3,59.11,Battery_4,hold,0.0,22.2
3,59.11,Battery_5,hold,0.0,22.2
4,54.33,Battery_1,hold,0.0,10.0
4,54.33,Battery_2,hold,0.0,22.2
4,54.33,Battery_3,hold,0.0,22.2
4,54.33,Battery_4,hold,0.0,22.2
4,54.33,Battery_5,hold,0.0,22.2
5,55.21,Battery_1,hold,0.0,10.0
5,55.21,Battery_2,hold,0.0,22.2
5,55.21,Battery_3,hold,0.0,22.2
5,55.21,Battery_4,hold,0.0,22.2
5,55.21,Battery_5,hold,0.0,22.2
6,61.3,Battery_1,hold,0.0,10.0
6,61.3,Battery_2,hold,0.0,22.2
6,61.3,Battery_3,hold,0.0,22.2
6,61.3,Battery_4,hold,0.0,22.2
6,61.3,Battery_5,hold,0.0,22.2
7,66.05,Battery_1,hold,0.0,10.0
7,66.05,Battery_2,hold,0.0,22.2
7,66.05,Battery_3,hold,0.0,22.2
7,66.05,Battery_4,hold,0.0,22.2
7,66.05,Battery_5,hold,0.0,22.2
8,63.72,Battery_1,hold,0.0,10.0
8,63.72,Battery_2,hold,0.0,22.2
8,63.72,Battery_3,hold,0.0,22.2
8,63.72,Battery_4,hold,0.0,22.2
8,63.72,Battery_5,hold,0.0,22.2
9,66.48,Battery_1,hold,0.0,10.0
9,66.48,Battery_2,hold,0.0,22.2
9,66.48,Battery_3,hold,0.0,22.2
9,66.48,Battery_4,hold,0.0,22.2
9,66.48,Battery_5,hold,0.0,22.2
10,62.11,Battery_1,hold,0.0,10.0
10,62.11,Battery_2,hold,0.0,22.2
10,62.11,Battery_3,hold,0.0,22.2
10,62.11,Battery_4,hold,0.0,22.2
10,62.11,Battery_5,hold,0.0,22.2
11,78.03,Battery_1,hold,0.0,10.0
11,78.03,Battery_2,discharge,22.000000000000004,10.0
11,78.03,Battery_3,discharge,44.00000000000001,10.0
11,78.03,Battery_4,discharge,17.6,10.0
11,78.03,Battery_5,discharge,35.2,10.0
12,86.56,Battery_1,hold,0.0,10.0
12,86.56,Battery_2,discharge,2.4980018054066022e-15,10.0
12,86.56,Battery_3,discharge,4.9960036108132044e-15,10.0
12,86.56,Battery_4,hold,0.0,10.0
12,86.56,Battery_5,hold,0.0,10.0
13,105.82,Battery_1,hold,0.0,10.0
13,105.82,Battery_2,hold,0.0,10.0
13,105.82,Battery_3,hold,0.0,10.0
13,105.82,Battery_4,hold,0.0,10.0
13,105.82,Battery_5,hold,0.0,10.0
14,107.78,Battery_1,hold,0.0,10.0
14,107.78,Battery_2,hold,0.0,10.0
14,107.78,Battery_3,hold,0.0,10.0
14,107.78,Battery_4,hold,0.0,10.0
14,107.78,Battery_5,hold,0.0,10.0
15,98.63,Battery_1,hold,0.0,10.0
15,98.63,Battery_2,hold,0.0,10.0
15,98.63,Battery_3,hold,0.0,10.0
15,98.63,Battery_4,hold,0.0,10.0
15,98.63,Battery_5,hold,0.0,10.0
16,100.03,Battery_1,hold,0.0,10.0
16,100.03,Battery_2,hold,0.0,10.0
16,100.03,Battery_3,hold,0.0,10.0
16,100.03,Battery_4,hold,0.0,10.0
16,100.03,Battery_5,hold,0.0,10.0
17,101.01,Battery_1,hold,0.0,10.0
17,101.01,Battery_2,hold,0.0,10.0
17,101.01,Battery_3,hold,0.0,10.0
17,101.01,Battery_4,hold,0.0,10.0
17,101.01,Battery_5,hold,0.0,10.0
18,97.4,Battery_1,hold,0.0,10.0
18,97.4,Battery_2,hold,0.0,10.0
18,97.4,Battery_3,hold,0.0,10.0
18,97.4,Battery_4,hold,0.0,10.0
18,97.4,Battery_5,hold,0.0,10.0
19,65.4,Battery_1,hold,0.0,10.0
19,65.4,Battery_2,hold,0.0,10.0
19,65.4,Battery_3,hold,0.0,10.0
19,65.4,Battery_4,hold,0.0,10.0
19,65.4,Battery_5,hold,0.0,10.0
20,28.73,Battery_1,hold,0.0,10.0
20,28.73,Battery_2,hold,0.0,10.0
20,28.73,Battery_3,hold,0.0,10.0
20,28.73,Battery_4,hold,0.0,10.0
20,28.73,Battery_5,hold,0.0,10.0
21,17.73,Battery_1,charge,10.0,32.5
21,17.73,Battery_2,charge,25.0,21.2
21,17.73,Battery_3,charge,50.0,21.2
21,17.73,Battery_4,charge,20.0,21.2
21,17.73,Battery_5,charge,40.0,21.2
22,1.55,Battery_1,charge,10.0,55.0
22,1.55,Battery_2,charge,25.0,32.5
22,1.55,Battery_3,charge,50.0,32.5
22,1.55,Battery_4,charge,20.0,32.5
22,1.55,Battery_5,charge,40.0,32.5
23,-23.89,Battery_1,charge,10.0,77.5
23,-23.89,Battery_2,charge,25.0,43.8
23,-23.89,Battery_3,charge,50.0,43.8
23,-23.89,Battery_4,charge,20.0,43.8
23,-23.89,Battery_5,charge,40.0,43.8
24,-34.45,Battery_1,charge,5.555555555555555,90.0
24,-34.45,Battery_2,charge,25.0,55.0
24,-34.45,Battery_3,charge,50.0,55.0
24,-34.45,Battery_4,charge,20.0,55.0
24,-34.45,Battery_5,charge,40.0,55.0
25,-45.58,Battery_1,hold,0.0,90.0
25,-45.58,Battery_2,charge,25.0,66.2
25,-45.58,Battery_3,charge,50.0,66.2
25,-45.58,Battery_4,charge,20.0,66.2
25,-45.58,Battery_5,charge,40.0,66.2
26,-53.64,Battery_1,hold,0.0,90.0
26,-53.64,Battery_2,charge,25.0,77.5
26,-53.64,Battery_3,charge,50.0,77.5
26,-53.64,Battery_4,charge,20.0,77.5
26,-53.64,Battery_5,charge,40.0,77.5
27,-57.82,Battery_1,hold,0.0,90.0
27,-57.82,Battery_2,charge,25.0,88.8
27,-57.82,Battery_3,charge,50.0,88.8
27,-57.82,Battery_4,charge,20.0,88.8
27,-57.82,Battery_5,charge,40.0,88.8
28,-57.32,Battery_1,hold,0.0,90.0
28,-57.32,Battery_2,charge,2.7777777777777923,90.0
28,-57.32,Battery_3,charge,5.555555555555585,90.0
28,-57.32,Battery_4,charge,2.222222222222234,90.0
28,-57.32,Battery_5,charge,4.444444444444468,90.0
29,-51.58,Battery_1,hold,0.0,90.0
29,-51.58,Battery_2,hold,0.0,90.0
29,-51.58,Battery_3,hold,0.0,90.0
29,-51.58,Battery_4,hold,0.0,90.0
29,-51.58,Battery_5,hold,0.0,90.0
30,-47.54,Battery_1,hold,0.0,90.0
30,-47.54,Battery_2,hold,0.0,90.0
30,-47.54,Battery_3,hold,0.0,90.0
30,-47.54,Battery_4,hold,0.0,90.0
30,-47.54,Battery_5,hold,0.0,90.0
31,-24.86,Battery_1,hold,0.0,90.0
31,-24.86,Battery_2,hold,0.0,90.0
31,-24.86,Battery_3,hold,0.0,90.0
31,-24.86,Battery_4,hold,0.0,90.0
31,-24.86,Battery_5,hold,0.0,90.0
32,-9.26,Battery_1,hold,0.0,90.0
32,-9.26,Battery_2,hold,0.0,90.0
32,-9.26,Battery_3,hold,0.0,90.0
32,-9.26,Battery_4,hold,0.0,90.0
32,-9.26,Battery_5,hold,0.0,90.0
33,11.01,Battery_1,hold,0.0,90.0
33,11.01,Battery_2,hold,0.0,90.0
33,11.01,Battery_3,hold,0.0,90.0
33,11.01,Battery_4,hold,0.0,90.0
33,11.01,Battery_5,hold,0.0,90.0
34,49.66,Battery_1,hold,0.0,90.0
34,49.66,Battery_2,hold,0.0,90.0
34,49.66,Battery_3,hold,0.0,90.0
34,49.66,Battery_4,hold,0.0,90.0
34,49.66,Battery_5,hold,0.0,90.0
35,77.43,Battery_1,discharge,10.0,62.2
35,77.43,Battery_2,discharge,25.0,76.1
35,77.43,Battery_3,discharge,50.0,76.1
35,77.43,Battery_4,discharge,20.0,76.1
35,77.43,Battery_5,discharge,40.0,76.1
36,93.0,Battery_1,discharge,10.0,34.4
36,93.0,Battery_2,discharge,25.0,62.2
36,93.0,Battery_3,discharge,50.0,62.2
36,93.0,Battery_4,discharge,20.0,62.2
36,93.0,Battery_5,discharge,40.0,62.2
37,95.49,Battery_1,discharge,8.799999999999999,10.0
37,95.49,Battery_2,discharge,25.0,48.3
37,95.49,Battery_3,discharge,50.0,48.3
37,95.49,Battery_4,discharge,20.0,48.3
37,95.49,Battery_5,discharge,40.0,48.3
38,104.5,Battery_1,discharge,1.4988010832439613e-15,10.0
38,104.5,Battery_2,discharge,25.0,34.4
38,104.5,Battery_3,discharge,50.0,34.4
38,104.5,Battery_4,discharge,20.0,34.4
38,104.5,Battery_5,discharge,40.0,34.4
39,115.5,Battery_1,hold,0.0,10.0
39,115.5,Battery_2,discharge,25.0,20.6
39,115.5,Battery_3,discharge,50.0,20.6
39,115.5,Battery_4,discharge,20.0,20.6
39,115.5,Battery_5,discharge,40.0,20.6
40,121.64,Battery_1,hold,0.0,10.0
40,121.64,Battery_2,discharge,19.00000000000002,10.0
40,121.64,Battery_3,discharge,38.00000000000004,10.0
40,121.64,Battery_4,discharge,15.199999999999982,10.0
40,121.64,Battery_5,discharge,30.399999999999963,10.0
41,118.36,Battery_1,hold,0.0,10.0
41,118.36,Battery_2,hold,0.0,10.0
41,118.36,Battery_3,hold,0.0,10.0
41,118.36,Battery_4,discharge,1.9984014443252818e-15,10.0
41,118.36,Battery_5,discharge,3.9968028886505635e-15,10.0
42,116.97,Battery_1,hold,0.0,10.0
42,116.97,Battery_2,hold,0.0,10.0
42,116.97,Battery_3,hold,0.0,10.0
42,116.97,Battery_4,hold,0.0,10.0
42,116.97,Battery_5,hold,0.0,10.0
43,100.87,Battery_1,hold,0.0,10.0
43,100.87,Battery_2,hold,0.0,10.0
43,100.87,Battery_3,hold,0.0,10.0
43,100.87,Battery_4,hold,0.0,10.0
43,100.87,Battery_5,hold,0.0,10.0
44,99.93,Battery_1,hold,0.0,10.0
44,99.93,Battery_2,hold,0.0,10.0
44,99.93,Battery_3,hold,0.0,10.0
44,99.93,Battery_4,hold,0.0,10.0
44,99.93,Battery_5,hold,0.0,10.0
45,104.82,Battery_1,hold,0.0,10.0
45,104.82,Battery_2,hold,0.0,10.0
45,104.82,Battery_3,hold,0.0,10.0
45,104.82,Battery_4,hold,0.0,10.0
45,104.82,Battery_5,hold,0.0,10.0
46,93.27,Battery_1,hold,0.0,10.0
46,93.27,Battery_2,hold,0.0,10.0
46,93.27,Battery_3,hold,0.0,10.0
46,93.27,Battery_4,hold,0.0,10.0
46,93.27,Battery_5,hold,0.0,10.0
47,91.15,Battery_1,hold,0.0,10.0
47,91.15,Battery_2,hold,0.0,10.0
47,91.15,Battery_3,hold,0.0,10.0
47,91.15,Battery_4,hold,0.0,10.0
47,91.15,Battery_5,hold,0.0,10.0
48,94.66,Battery_1,hold,0.0,10.0
48,94.66,Battery_2,hold,0.0,10.0
48,94.66,Battery_3,hold,0.0,10.0
48,94.66,Battery_4,hold,0.0,10.0
48,94.66,Battery_5,hold,0.0,10.0
