date,day_type,da_net,id_net,bm_net,total_revenue,total_cost,net_pnl
2026-06-15,🔴 red,28520.49,3162.32,14772.7,127002.3,80546.78,46455.51
2026-06-16,🟡 amber,35084.49,4665.41,13383.64,145762.52,92628.99,53133.53
2026-06-17,🟡 amber,32751.05,3635.44,6825.67,122072.64,78860.47,43212.16
2026-06-18,🔴 red,26645.88,1799.74,22760.83,131175.73,79969.28,51206.45
2026-06-19,🟡 amber,32215.2,5698.8,15952.17,123151.48,69285.32,53866.17
2026-06-20,🟡 amber,30892.71,3313.37,10455.46,119472.96,74811.42,44661.54
2026-06-21,🟡 amber,28546.67,2362.47,3078.15,112169.61,78182.32,33987.29
2026-06-22,🟡 amber,43544.52,9616.91,22989.72,156997.79,80846.64,76151.16
2026-06-23,🟡 amber,139702.53,50486.45,113123.93,414750.49,111437.59,303312.9
2026-06-24,🟡 amber,63251.13,15540.82,20358.63,192939.73,93789.15,99150.58
2026-06-25,🔴 red,27225.88,967.39,10752.67,109258.03,70312.09,38945.94
2026-06-26,🟡 amber,40453.57,7275.57,17348.34,150155.18,85077.7,65077.48
2026-06-27,🟡 amber,44212.75,9847.04,27310.91,131612.83,50242.12,81370.7
2026-06-28,🟢 green,83470.93,28385.27,49314.75,138846.3,-22324.66,161170.96
2026-06-29,🟡 amber,39103.28,6793.45,20730.72,151613.72,84986.27,66627.45
2026-06-30,🟡 amber,34996.29,4913.48,14430.67,137636.79,83296.36,54340.44
2026-07-01,🔴 red,24480.25,323.64,5638.62,76161.32,45718.81,30442.51
2026-07-02,🟢 green,59259.18,20284.83,40908.86,127607.0,7154.14,120452.87
2026-07-03,🔴 red,26980.3,1095.45,13292.13,90088.07,48720.19,41367.88
2026-07-04,🟢 green,71049.19,22108.84,38620.18,129461.68,-2316.54,131778.22
2026-07-05,🟡 amber,32606.84,6255.02,17859.44,135834.04,79112.74,56721.3
2026-07-06,🟢 green,62564.3,17931.48,34358.25,127742.18,12888.14,114854.04
2026-07-07,🟡 amber,36135.77,5875.07,22772.53,163419.01,98635.64,64783.37
2026-07-08,🟡 amber,31840.9,2828.74,10723.25,119946.58,74553.69,45392.89
2026-07-09,🟡 amber,41350.57,6854.87,13250.75,159087.23,97631.03,61456.19
2026-07-10,🔴 red,30041.12,1439.16,10026.33,86940.38,45433.78,41506.6
2026-07-11,🔴 red,25087.13,56.72,5776.88,58291.76,27371.02,30920.74
2026-07-12,🟢 green,69722.31,21759.3,39115.59,129167.59,-1429.6,130597.2
2026-07-13,🟡 amber,41063.23,7258.82,17834.31,147598.85,81442.49,66156.37
2026-07-14,🟡 amber,50203.69,11039.22,33994.13,176636.54,81399.49,95237.05
2026-07-15,🟡 amber,40198.75,6160.03,11995.25,155914.88,97560.85,58354.03
2026-07-16,🟡 amber,47910.95,9384.21,17801.6,176809.08,101712.32,75096.76
2026-07-17,🟡 amber,34765.36,3122.01,13998.76,133997.25,82111.12,51886.13
2026-07-18,🟡 amber,40163.05,6569.44,17886.45,157221.54,92602.6,64618.94
2026-07-19,🟡 amber,74616.96,23621.54,50122.03,163002.04,14641.51,148360.53
2026-07-20,🟡 amber,38879.82,5764.8,18602.97,166910.04,103662.45,63247.59
2026-07-21,🟡 amber,34210.62,1782.76,10371.89,126028.43,79663.17,46365.27
2026-07-22,🔴 red,32470.1,1051.63,11273.61,116159.09,71363.75,44795.34
2026-07-23,🟡 amber,33156.23,2171.65,11077.77,139492.71,93087.07,46405.64
2026-07-24,🟡 amber,51315.14,9255.91,14147.05,162793.3,88075.2,74718.09
2026-07-25,🟢 green,85915.1,27822.93,47948.41,156098.54,-5587.91,161686.44
2026-07-26,🟢 green,85851.83,30112.1,49644.23,149779.53,-15828.64,165608.16
2026-07-27,🟡 amber,57175.96,15124.06,22335.69,165081.49,70445.78,94635.71
2026-07-28,🟡 amber,65978.29,17258.03,30782.7,174017.12,59998.1,114019.02
2026-07-29,🟡 amber,36074.56,3657.99,9058.22,110648.65,61857.88,48790.77
2026-07-30,🟡 amber,32890.9,1677.57,3099.93,88250.33,50581.94,37668.39
2026-07-31,🔴 red,31458.95,1448.9,9194.69,121452.27,79349.73,42102.54
2026-08-01,🟡 amber,58936.61,12926.38,28668.48,168343.53,67812.07,100531.46
2026-08-02,🟡 amber,32944.97,1797.03,12220.87,112675.36,65712.48,46962.88
2026-08-03,🟡 amber,35383.33,3394.79,11255.08,139737.79,89704.59,50033.2
2026-08-04,🟡 amber,33287.79,2903.56,6549.25,114867.53,72126.93,42740.6
2026-08-05,🟡 amber,67465.1,17827.79,38463.81,147828.94,24072.24,123756.7
2026-08-06,🟡 amber,44183.27,7574.07,30323.7,176291.55,94210.52,82081.03
2026-08-07,🟡 amber,50593.43,10191.91,21107.23,160823.47,78930.91,81892.56
2026-08-08,🟢 green,84235.78,27373.52,45718.69,162856.93,5528.94,157327.99
2026-08-09,🟡 amber,71512.2,20018.87,34332.4,165049.66,39186.19,125863.47
2026-08-10,🟡 amber,44410.64,8007.82,31914.6,197454.56,113121.5,84333.06
2026-08-11,🟡 amber,50195.47,8184.39,20359.4,171559.12,92819.85,78739.27
2026-08-12,🟡 amber,41508.34,5498.11,13002.84,121385.0,61375.71,60009.3
2026-08-13,🟡 amber,47236.82,7809.5,29331.21,192962.09,108584.57,84377.53
2026-08-14,🟡 amber,46538.86,7068.98,19967.76,191361.81,117786.22,73575.6
2026-08-15,🔴 red,35311.15,1640.33,9615.66,126067.56,79500.43,46567.13
2026-08-16,🟡 amber,44188.65,5173.57,16740.15,169781.04,103678.66,66102.37
2026-08-17,🟡 amber,39669.58,1060.88,17160.9,159180.32,101288.96,57891.36
2026-08-18,🟡 amber,43755.98,5088.65,9395.54,164467.78,106227.6,58240.18
2026-08-19,🔴 red,36906.04,653.2,11595.17,134488.7,85334.29,49154.41
2026-08-20,🔴 red,33184.64,548.82,6992.13,81671.16,40945.58,40725.58
2026-08-21,🔴 red,32432.39,978.14,7507.15,93034.31,52116.63,40917.68
2026-08-22,🟡 amber,72565.86,21265.53,38200.32,155458.19,23426.49,132031.7
2026-08-23,🟡 amber,69513.08,18597.22,46452.8,181746.27,47183.18,134563.1
2026-08-24,🟡 amber,38608.36,3139.4,13689.81,136938.18,81500.62,55437.57
2026-08-25,🟡 amber,44700.16,6365.33,20568.75,193361.32,121727.08,71634.24
2026-08-26,🟡 amber,41111.46,3712.6,19974.43,174945.4,110146.91,64798.49
2026-08-27,🟡 amber,50850.81,7397.77,26764.39,170664.91,85651.93,85012.98
2026-08-28,🟡 amber,34599.97,994.59,13385.02,127069.27,78089.68,48979.59
2026-08-29,🟡 amber,43775.05,10092.08,28768.42,178369.63,95734.08,82635.55
2026-08-30,🔴 red,34795.14,408.51,5163.9,91200.87,50833.33,40367.55
2026-08-31,🟡 amber,56258.55,10444.14,16687.11,182108.2,98718.4,83389.8
2026-09-01,🟡 amber,74813.4,19562.52,42961.49,225905.54,88568.14,137337.4
2026-09-02,🟡 amber,39482.1,868.81,15507.53,134411.42,78552.98,55858.44
2026-09-03,🟡 amber,79470.7,20453.87,47774.8,218322.1,70622.73,147699.37
2026-09-04,🟢 green,61839.03,13056.93,18999.66,118132.6,24236.99,93895.61
2026-09-05,🟢 green,86330.11,40204.03,73138.39,186356.11,-13316.42,199672.53
2026-09-06,🟢 green,106980.62,37545.96,61013.81,204309.1,-1231.29,205540.39
2026-09-07,🟡 amber,47748.63,6873.25,32597.99,195514.37,108294.49,87219.87
2026-09-08,🟡 amber,40643.06,3094.92,15322.94,157181.1,98120.18,59060.92
2026-09-09,🟡 amber,53077.4,9438.45,31427.83,196898.14,102954.46,93943.67
2026-09-10,🟡 amber,59692.17,10463.12,36700.05,211883.97,105028.63,106855.34
2026-09-11,🟡 amber,42905.29,2944.63,14252.41,178012.41,117910.09,60102.33
2026-09-12,🟢 green,114296.68,37651.53,61544.19,224817.44,11325.06,213492.39
2026-09-13,🟡 amber,50951.35,3516.11,14461.26,201260.43,132331.71,68928.72
