settlementDate,settlementPeriod,startTime,createdDateTime,systemSellPrice,systemBuyPrice,bsadDefaulted,priceDerivationCode,reserveScarcityPrice,netImbalanceVolume,sellPriceAdjustment,buyPriceAdjustment,replacementPrice,replacementPriceReferenceVolume,totalAcceptedOfferVolume,totalAcceptedBidVolume,totalAdjustmentSellVolume,totalAdjustmentBuyVolume,totalSystemTaggedAcceptedOfferVolume,totalSystemTaggedAcceptedBidVolume,totalSystemTaggedAdjustmentSellVolume,totalSystemTaggedAdjustmentBuyVolume
2024-10-16,1,2024-10-15T23:00:00Z,2024-10-16T23:44:25Z,103.0,103.0,False,P,0.0,350.50682676587303,0.0,0.0,,,1455.1734934325398,-1222.317342638889,0.0,117.5,1454.1734934325398,-1222.317342638889,,117.5
2024-10-16,2,2024-10-15T23:30:00Z,2024-10-17T00:14:26Z,97.0,97.0,False,P,0.0,190.21054437037037,0.0,0.0,,,1300.8730443703703,-1228.1545721481482,0.0,117.5,1299.8730443703703,-1228.1545721481482,,117.5
2024-10-16,3,2024-10-16T00:00:00Z,2024-10-17T00:44:22Z,97.0,97.0,False,P,0.0,141.25238095238095,0.0,0.0,,,1235.3357142857142,-1211.6666666666667,0.0,117.5,1234.3357142857142,-1211.6666666666667,,117.5
2024-10-16,4,2024-10-16T00:30:00Z,2024-10-17T01:14:27Z,97.0,97.0,False,P,0.0,79.34919236111111,0.0,0.0,,,1249.0972483333333,-1287.207506686508,0.0,117.5,1248.0972483333333,-1287.207506686508,,117.5
2024-10-16,5,2024-10-16T01:00:00Z,2024-10-17T01:44:36Z,25.82,25.82,False,N,0.0,-56.03888944444444,0.0,0.0,25.82,0.0,1278.6249994444445,-1452.0511111111111,0.0,117.5,1278.6249994444445,-1451.0511111111111,,117.5
2024-10-16,6,2024-10-16T01:30:00Z,2024-10-17T02:15:16Z,-20.63,-20.63,False,N,0.0,-65.90334857125032,0.0,0.0,,,1318.4394292065274,-1502.148051181758,0.0,117.5,1318.4394292065274,-1501.148051181758,,117.5
2024-10-16,7,2024-10-16T02:00:00Z,2024-10-17T02:44:24Z,1.59,1.59,False,N,0.0,-20.83304483270956,0.0,0.0,,,1403.8905616529305,-1542.2260504808578,0.0,117.5,1403.8905616529305,-1541.2260504808578,,117.5
2024-10-16,8,2024-10-16T02:30:00Z,2024-10-17T03:14:21Z,-11.955514736600374,-11.955514736600374,False,N,0.0,-13.59006861111111,0.0,0.0,-11.685,1.0,1389.6000008333333,-1520.7039583333333,0.0,117.5,1389.6000008333333,-1519.7039583333333,,117.5
2024-10-16,9,2024-10-16T03:00:00Z,2024-10-17T03:44:23Z,16.65,16.65,False,N,0.0,-73.53888888888889,0.0,0.0,16.65,0.0,1390.75,-1581.9753472222221,0.0,117.5,1390.75,-1580.9753472222221,,117.5
2024-10-16,10,2024-10-16T03:30:00Z,2024-10-17T04:14:23Z,14.48,14.48,False,N,0.0,-90.62521302910054,0.0,0.0,14.48,0.0,1445.3264536375661,-1653.335,0.0,117.5,1445.3264536375661,-1652.335,,117.5
2024-10-16,11,2024-10-16T04:00:00Z,2024-10-17T04:44:22Z,34.51814904027495,34.51814904027495,False,N,0.0,-14.614461774140212,0.0,0.0,49.80467,1.0,1529.5348765591932,-1661.0367198412698,0.0,117.5,1529.5348765591932,-1660.0367198412698,,117.5
2024-10-16,12,2024-10-16T04:30:00Z,2024-10-17T05:14:23Z,97.0,97.0,False,P,0.0,100.17625944444444,0.0,0.0,,,1658.5181744444444,-1675.9116912962963,0.0,117.5,1657.5181744444444,-1675.9116912962963,,117.5
2024-10-16,13,2024-10-16T05:00:00Z,2024-10-17T05:44:23Z,97.0,97.0,False,P,0.0,27.02230840946783,0.0,0.0,,,1590.3050019509449,-1681.6615917036343,0.0,117.5,1589.3050019509449,-1681.6615917036343,,117.5
2024-10-16,14,2024-10-16T05:30:00Z,2024-10-17T06:14:22Z,100.0,100.0,False,P,0.0,361.85364586034314,0.0,0.0,,,1840.2562284860303,-1582.9396003743302,0.0,104.4,1839.5241980246446,-1582.9396003743302,,104.13203046138554
2024-10-16,15,2024-10-16T06:00:00Z,2024-10-17T06:44:28Z,102.9,102.9,False,P,0.0,390.6931097806885,0.0,0.0,,,1584.8485674936514,-1404.2901453619131,0.0,210.647,1583.8485674936514,-1404.2901453619131,,210.647
2024-10-16,16,2024-10-16T06:30:00Z,2024-10-17T07:14:18Z,100.0,100.0,False,P,0.0,305.9569927262708,0.0,0.0,,,1292.21908381029,-1293.1414802795157,0.0,307.35,1291.21908381029,-1293.1414802795157,,307.35
2024-10-16,17,2024-10-16T07:00:00Z,2024-10-17T07:44:20Z,98.0,98.0,False,P,0.0,44.89327203553391,0.0,0.0,,,1034.1733398227602,-1295.8975262468434,0.0,306.8,1033.1733398227602,-1295.8975262468434,,306.8
2024-10-16,18,2024-10-16T07:30:00Z,2024-10-17T08:14:20Z,99.0,99.0,False,P,0.0,171.9731225680102,0.0,0.0,,,1053.4069182837302,-1241.097822725793,0.0,359.759,1052.4069182837302,-1241.097822725793,,359.759
2024-10-16,19,2024-10-16T08:00:00Z,2024-10-17T08:44:21Z,109.0,109.0,False,P,0.0,294.1521451936027,0.0,0.0,,,1247.1147748232322,-1250.1008912962964,0.0,297.497,1246.176227566073,-1250.1008912962964,,297.43554725715927
2024-10-16,20,2024-10-16T08:30:00Z,2024-10-17T09:14:27Z,109.0,109.0,False,P,0.0,307.6024682638889,0.0,0.0,,,1241.998968298611,-1254.5545238194445,0.0,320.141,1241.060544653291,-1254.5545238194445,,320.0794236453202
2024-10-16,21,2024-10-16T09:00:00Z,2024-10-17T09:44:21Z,109.0,109.0,False,P,0.0,437.37871965413945,0.0,0.0,,,1191.1214949102914,-1009.1301963991014,0.0,255.52,1190.1214949102914,-1009.1301963991014,,255.52
2024-10-16,22,2024-10-16T09:30:00Z,2024-10-17T10:14:22Z,109.0,109.0,False,P,0.0,385.6921561312045,0.0,0.0,,,1213.4640450200934,-1022.05,0.0,194.317,1212.4640450200934,-1022.05,,194.317
2024-10-16,23,2024-10-16T10:00:00Z,2024-10-17T10:44:23Z,109.0,109.0,False,P,0.0,316.77012606150794,0.0,0.0,,,1110.8901260632088,-998.7138744791666,0.0,204.5,1109.8901260632088,-998.7138744791666,,204.5
2024-10-16,24,2024-10-16T10:30:00Z,2024-10-17T11:14:23Z,109.0,109.0,False,P,0.0,296.2201666898148,0.0,0.0,,,1109.0241678009259,-947.4250000231482,0.0,134.721,1108.0241678009259,-947.4250000231482,,134.721
2024-10-16,25,2024-10-16T11:00:00Z,2024-10-17T11:44:18Z,109.0,109.0,False,P,0.0,482.81760129573934,0.0,0.0,,,1326.249670514875,-1031.3949454691358,0.0,188.046,1325.249670514875,-1031.3949454691358,,188.046
2024-10-16,26,2024-10-16T11:30:00Z,2024-10-17T12:14:37Z,124.0,124.0,False,P,0.0,683.0888984283625,0.0,0.0,,,1492.092231761696,-971.4957683333333,0.0,162.505,1492.092231761696,-971.4957683333333,,161.505
2024-10-16,27,2024-10-16T12:00:00Z,2024-10-17T12:44:32Z,109.0,109.0,False,P,0.0,139.57230255448695,0.0,0.0,,,1024.9225459858594,-887.9507883285738,0.0,2.6,1023.9225459858595,-887.9507883285738,,2.6
2024-10-16,28,2024-10-16T12:30:00Z,2024-10-17T13:14:30Z,100.0,100.0,False,N,0.0,-66.20801606630825,0.0,0.0,,,954.4544847670251,-1020.6625008333333,0.0,0.0,954.4544847670251,-1019.6625008333333,,
2024-10-16,29,2024-10-16T13:00:00Z,2024-10-17T13:44:28Z,108.5,108.5,False,P,0.0,0.8766727731517558,0.0,0.0,,,941.5560250509295,-940.413802495374,0.0,0.0,940.6793522777778,-940.413802495374,,
2024-10-16,30,2024-10-16T13:30:00Z,2024-10-17T14:14:30Z,98.58,98.58,False,N,0.0,-198.44166666666666,0.0,0.0,98.58,0.0,758.9,-957.3416666666667,0.0,0.0,758.9,-956.3416666666667,,
2024-10-16,31,2024-10-16T14:00:00Z,2024-10-17T14:44:25Z,89.63,89.63,False,N,0.0,-301.3576458333333,0.0,0.0,89.63,0.0,562.9086666666667,-864.3079791666667,0.0,0.0,562.9086666666667,-863.3079791666667,,
2024-10-16,32,2024-10-16T14:30:00Z,2024-10-17T15:14:41Z,91.64,91.64,False,N,0.0,-67.38730585978836,0.0,0.0,91.64,0.0,837.4043608068783,-904.8909084259259,0.0,0.0,837.4043608068783,-903.8909084259259,,
2024-10-16,33,2024-10-16T15:00:00Z,2024-10-17T15:44:28Z,109.0,109.0,False,P,0.0,1.4511191666666667,0.0,0.0,,,916.961936388889,-915.6888808333333,0.0,0.0,915.961936388889,-915.6888808333333,,
2024-10-16,34,2024-10-16T15:30:00Z,2024-10-17T16:14:29Z,75.0,75.0,False,N,0.0,-5.516540866049571,0.0,0.0,,,950.4973585428706,-956.5758209513663,0.0,0.0,950.4973585428706,-955.5758209513663,,
2024-10-16,35,2024-10-16T16:00:00Z,2024-10-17T16:44:32Z,70.0,70.0,False,N,0.0012,-38.059556317393344,0.0,0.0,,,1090.6128442170652,-1129.1418900925926,0.0,0.0,1090.6128442170652,-1128.1418900925926,,
2024-10-16,36,2024-10-16T16:30:00Z,2024-10-17T17:14:36Z,109.0,109.0,False,P,0.0018,74.77223753306879,0.0,0.0,,,1171.0057859201656,-1096.131388888889,0.0,0.0,1170.0057859201656,-1096.131388888889,,
2024-10-16,37,2024-10-16T17:00:00Z,2024-10-17T17:44:29Z,104.22,104.22,False,N,0.0066,-136.800262612686,0.0,0.0,104.22,0.0,895.7634470647333,-1032.4852937574672,0.0,0.0,895.7634470647333,-1031.4852937574672,,
2024-10-16,38,2024-10-16T17:30:00Z,2024-10-17T18:14:31Z,103.67,103.67,False,N,0.0096,-74.56278141711469,0.0,0.0,103.67,0.0,851.3043215032818,-925.600764364596,0.0,0.0,851.3043215032818,-924.600764364596,,
2024-10-16,39,2024-10-16T18:00:00Z,2024-10-17T18:44:33Z,70.6,70.6,False,N,0.03,-35.1492789606753,0.0,0.0,70.6,0.5466666666666666,631.4260443323354,-688.1530417614117,0.0,21.683,631.4260443323354,-687.1530417614117,,21.683
2024-10-16,40,2024-10-16T18:30:00Z,2024-10-17T19:14:31Z,70.6,70.6,False,N,0.0114,-64.75327956989247,0.0,0.0,,,555.8333646953405,-620.4361962365591,0.0,0.0,555.8333646953405,-619.4361962365591,,
2024-10-16,41,2024-10-16T19:00:00Z,2024-10-17T19:44:30Z,70.6,70.6,False,N,0.0006,-89.69860785272076,0.0,0.0,,,551.0946129032258,-640.8208300749429,0.0,0.0,551.0946129032258,-639.8208300749429,,
2024-10-16,42,2024-10-16T19:30:00Z,2024-10-17T20:14:35Z,69.75,69.75,False,N,0.0,-130.99822916666668,0.0,0.0,69.75,1.0,468.6709798548387,-599.6357291666667,0.0,0.0,468.6709798548387,-598.6357291666667,,
2024-10-16,43,2024-10-16T20:00:00Z,2024-10-17T20:44:33Z,105.0,105.0,False,P,0.0,25.447401957701903,0.0,0.0,,,517.1106785407366,-491.65843787335723,0.0,0.0,516.1106785407366,-491.65843787335723,,
2024-10-16,44,2024-10-16T20:30:00Z,2024-10-17T21:14:30Z,102.0,102.0,False,P,0.0,42.20547538200339,0.0,0.0,,,567.0960667798529,-524.885752688172,0.0,0.0,566.0960667798529,-524.885752688172,,
2024-10-16,45,2024-10-16T21:00:00Z,2024-10-17T21:44:28Z,102.0,102.0,False,P,0.0,57.50535842293907,0.0,0.0,,,544.5048387096774,-486.9946415770609,0.0,0.0,543.5048387096774,-486.9946415770609,,
2024-10-16,46,2024-10-16T21:30:00Z,2024-10-17T22:14:30Z,70.6,70.6,False,N,0.0,-16.407641577060932,0.0,0.0,,,358.0048499103943,-435.72464157706094,0.0,61.317,358.0048499103943,-434.72464157706094,,61.317
2024-10-16,47,2024-10-16T22:00:00Z,2024-10-17T22:44:31Z,88.6,88.6,False,P,0.0,106.13099487706164,0.0,0.0,88.6,0.0,419.56726910947714,-313.4872002046377,0.0,0.0,418.56726910947714,-313.4872002046377,,
2024-10-16,48,2024-10-16T22:30:00Z,2024-10-17T23:14:34Z,87.98,87.98,False,P,0.0,283.3856523333333,0.0,0.0,87.98,0.0,571.7501830694445,-288.3643476666667,0.0,0.0,570.7501830694445,-288.3643476666667,,
